<?xml version="1.0" encoding="UTF-8" ?>
<!DOCTYPE generatorConfiguration PUBLIC
        "-//mybatis.org//DTD MyBatis Generator Configuration 1.0//EN"
        "http://mybatis.org/dtd/mybatis-generator-config_1_0.dtd" >
<generatorConfiguration>

    <classPathEntry location="D:\Maven\repository\mysql\mysql-connector-java\5.1.31\mysql-connector-java-5.1.31.jar"/>

    <context id="context" targetRuntime="MyBatis3">
        <!-- 如果设置为true，生成的model类会直接使用column本身的名字，而不会再使用驼峰命名方法，比如BORN_DATE，生成的属性名字就是BORN_DATE,而不会是bornDate -->
        <property name="javaFileEncoding" value="UTF-8"></property>

        <!--关闭注释 -->
        <commentGenerator>
            <property name="suppressAllComments" value="true"/>
            <property name="suppressDate" value="true"/>
        </commentGenerator>

        <!--指定特定数据库的jdbc驱动jar包的位置-->
        <jdbcConnection driverClass="com.mysql.jdbc.Driver"
                        connectionURL="jdbc:mysql://localhost:3306/etc_project"
                        userId="root" password="123456"/>

        <!-- 非必需，类型处理器，在数据库类型和java类型之间的转换控制-->
        <javaTypeResolver>
            <property name="forceBigDecimals" value="false"/>
        </javaTypeResolver>

        <!-- Model模型生成器,用来生成含有主键key的类，记录类 以及查询Example类
          targetPackage     指定生成的model生成所在的包名
          targetProject     指定在该项目下所在的路径
      -->
        <javaModelGenerator targetPackage="com.owinfo.service.hkl.entity" targetProject="src/main/java">
            <!-- 是否允许子包，即targetPackage.schemaName.tableName -->
            <property name="enableSubPackages" value="false"/>
            <!-- 是否对model添加 构造函数 改为true导致mapper是构造器-->
            <property name="constructorBased" value="false"/>
            <!-- 是否对类CHAR类型的列的数据进行trim操作 -->
            <property name="trimStrings" value="true"/>
            <!-- 建立的Model对象是否 不可改变  即生成的Model对象不会有 setter方法，只有构造方法 -->
            <property name="immutable" value="false"/>
        </javaModelGenerator>

        <!-- Mapper映射文件生成所在的目录 为每一个数据库的表生成对应的SqlMap文件 -->
        <sqlMapGenerator targetPackage="com.owinfo.service.hkl.mapper" targetProject="src/main/java">
            <property name="enableSubPackages" value="false"/>
        </sqlMapGenerator>

        <!-- 客户端代码，生成易于使用的针对Model对象和XML配置文件 的代码
              type="ANNOTATEDMAPPER",生成Java Model 和基于注解的Mapper对象
              type="MIXEDMAPPER",生成基于注解的Java Model 和相应的Mapper对象
              type="XMLMAPPER",生成SQLMap XML文件和独立的Mapper接口
      -->
        <javaClientGenerator targetPackage="com.owinfo.service.hkl.dao" targetProject="src/main/java" type="XMLMAPPER">
            <property name="enableSubPackages" value="true"/>
        </javaClientGenerator>

        <!-- 指定需要生成的所有表 -->
        <!--<table tableName="ticketmanage" domainObjectName="TicketManage" enableCountByExample="false"-->
               <!--enableDeleteByExample="false" enableSelectByExample="false" enableUpdateByExample="false">-->
            <!--<property name="useActualColumnNames" value="true"/>-->
        <!--</table>-->
        <!--<table tableName="transferaccountsmanage" domainObjectName="TransferAccountsManage" enableCountByExample="false"-->
               <!--enableDeleteByExample="false" enableSelectByExample="false" enableUpdateByExample="false">-->
            <!--<property name="useActualColumnNames" value="true"/>-->
        <!--</table>-->
        <!--<table tableName="ordermanage" domainObjectName="OrderManage" enableCountByExample="false"-->
               <!--enableDeleteByExample="false" enableSelectByExample="false" enableUpdateByExample="false">-->
            <!--<property name="useActualColumnNames" value="true"/>-->
        <!--</table>-->
        <table tableName="front_pay_back" domainObjectName="frontPayBack" enableCountByExample="false"
               enableDeleteByExample="false" enableSelectByExample="false" enableUpdateByExample="false">
            <!--<property name="useActualColumnNames" value="true"/>-->
        </table>
    </context>
</generatorConfiguration>