<?xml version="1.0" encoding="utf-8"?>
<configuration>

    <property name="LOG_HOME" value="/data/logback/finance" />

    <appender name="consoleLog" class="ch.qos.logback.core.ConsoleAppender">
        <layout class="ch.qos.logback.classic.PatternLayout">
            <pattern>%d - %msg%n</pattern>
        </layout>
    </appender>
    <appender name="fileInfoLog" class="ch.qos.logback.core.rolling.RollingFileAppender">
        <encoder>
            <pattern>%d - %msg%n%n</pattern>
        </encoder>
        <!--滚动策略-->
        <rollingPolicy class="ch.qos.logback.core.rolling.TimeBasedRollingPolicy">
            <!--路径-->
            <fileNamePattern>${LOG_HOME}/finance-info.%d{yyyy-MM-dd}.log</fileNamePattern>
        </rollingPolicy>
    </appender>
    <root level="info">
        <appender-ref ref="consoleLog" />
        <appender-ref ref="fileInfoLog" />
    </root>
</configuration>