<?xml version="1.0" encoding="UTF-8"?>
<!DOCTYPE mapper PUBLIC "-//mybatis.org//DTD Mapper 3.0//EN" "http://mybatis.org/dtd/mybatis-3-mapper.dtd">
<mapper namespace="com.owinfo.service.core.mapper.BankRechargeOperationMapper">
  <resultMap id="BaseResultMap" type="com.owinfo.object.entity.BankRechargeOperation">
    <result column="id" jdbcType="VARCHAR" property="id" />
    <result column="trade_num" jdbcType="VARCHAR" property="tradeNum" />
    <result column="business_no" jdbcType="VARCHAR" property="businessNo" />
    <result column="channel_type" jdbcType="VARCHAR" property="channelType" />
    <result column="channel_num" jdbcType="VARCHAR" property="channelNum" />
    <result column="channel_name" jdbcType="VARCHAR" property="channelName" />
    <result column="acquirer_no" jdbcType="VARCHAR" property="acquirerNo" />
    <result column="client_name" jdbcType="VARCHAR" property="clientName" />
    <result column="cert_no" jdbcType="VARCHAR" property="certNo" />
    <result column="card_number" jdbcType="VARCHAR" property="cardNumber" />
    <result column="client_acount" jdbcType="VARCHAR" property="clientAcount" />
    <result column="bank_account_of_things" jdbcType="VARCHAR" property="bankAccountOfThings" />
    <result column="transfer_type" jdbcType="INTEGER" property="transferType" />
    <result column="operation_type" jdbcType="INTEGER" property="operationType" />
    <result column="transfer_mode" jdbcType="INTEGER" property="transferMode" />
    <result column="paid_amount" jdbcType="INTEGER" property="paidAmount" />
    <result column="gift_amount" jdbcType="INTEGER" property="giftAmount" />
    <result column="recharge_amount" jdbcType="INTEGER" property="rechargeAmount" />
    <result column="operator_time" jdbcType="TIMESTAMP" property="operatorTime" />
    <result column="employee_no" jdbcType="VARCHAR" property="employeeNo" />
    <result column="create_by" jdbcType="VARCHAR" property="createBy" />
    <result column="create_time" jdbcType="TIMESTAMP" property="createTime" />
    <result column="remove" jdbcType="INTEGER" property="remove" />
    <result column="spare1" jdbcType="VARCHAR" property="spare1" />
    <result column="spare2" jdbcType="VARCHAR" property="spare2" />
    <result column="spare3" jdbcType="VARCHAR" property="spare3" />
  </resultMap>
  <insert id="insert" parameterType="com.owinfo.object.entity.BankRechargeOperation">
    insert into bank_recharge_operation (id, trade_num, business_no, 
      channel_type, channel_num, channel_name, 
      acquirer_no, client_name, cert_no, 
      card_number, client_acount, bank_account_of_things, 
      transfer_type,operation_type, transfer_mode, paid_amount,
      gift_amount, recharge_amount, operator_time, employee_no,
      create_by, create_time, remove, 
      spare1, spare2, spare3
      )
    values (#{id,jdbcType=VARCHAR}, #{tradeNum,jdbcType=VARCHAR}, #{businessNo,jdbcType=VARCHAR}, 
      #{channelType,jdbcType=VARCHAR}, #{channelNum,jdbcType=VARCHAR}, #{channelName,jdbcType=VARCHAR},
      #{acquirerNo,jdbcType=VARCHAR}, #{clientName,jdbcType=VARCHAR}, #{certNo,jdbcType=VARCHAR}, 
      #{cardNumber,jdbcType=VARCHAR}, #{clientAcount,jdbcType=VARCHAR}, #{bankAccountOfThings,jdbcType=VARCHAR}, 
      #{transferType,jdbcType=INTEGER},#{operationType,jdbcType=INTEGER},
       #{transferMode,jdbcType=INTEGER}, #{paidAmount,jdbcType=INTEGER},
      #{giftAmount,jdbcType=INTEGER}, #{rechargeAmount,jdbcType=INTEGER}, #{operatorTime,jdbcType=TIMESTAMP}, 
      #{employeeNo,jdbcType=VARCHAR},
      #{createBy,jdbcType=VARCHAR}, #{createTime,jdbcType=TIMESTAMP}, #{remove,jdbcType=INTEGER},
      #{spare1,jdbcType=VARCHAR}, #{spare2,jdbcType=VARCHAR}, #{spare3,jdbcType=VARCHAR}
      )
  </insert>
  <insert id="insertSelective" parameterType="com.owinfo.object.entity.BankRechargeOperation">
    insert into bank_recharge_operation
    <trim prefix="(" suffix=")" suffixOverrides=",">
      <if test="id != null">
        id,
      </if>
      <if test="tradeNum != null">
        trade_num,
      </if>
      <if test="businessNo != null">
        business_no,
      </if>
      <if test="channelType != null">
        channel_type,
      </if>
      <if test="channelNum != null">
        channel_num,
      </if>
      <if test="channelName != null">
        channel_name,
      </if>
      <if test="acquirerNo != null">
        acquirer_no,
      </if>
      <if test="clientName != null">
        client_name,
      </if>
      <if test="certNo != null">
        cert_no,
      </if>
      <if test="cardNumber != null">
        card_number,
      </if>
      <if test="clientAcount != null">
        client_acount,
      </if>
      <if test="bankAccountOfThings != null">
        bank_account_of_things,
      </if>
      <if test="transferType != null">
        transfer_type,
      </if>
      <if test="operationType != null">
        operation_type,
      </if>
      <if test="transferMode != null">
        transfer_mode,
      </if>
      <if test="paidAmount != null">
        paid_amount,
      </if>
      <if test="giftAmount != null">
        gift_amount,
      </if>
      <if test="rechargeAmount != null">
        recharge_amount,
      </if>
      <if test="operatorTime != null">
        operator_time,
      </if>
      <if test="employeeNo != null">
        employee_no,
      </if>
      <if test="createBy != null">
        create_by,
      </if>
      <if test="createTime != null">
        create_time,
      </if>
      <if test="remove != null">
        remove,
      </if>
      <if test="spare1 != null">
        spare1,
      </if>
      <if test="spare2 != null">
        spare2,
      </if>
      <if test="spare3 != null">
        spare3,
      </if>
    </trim>
    <trim prefix="values (" suffix=")" suffixOverrides=",">
      <if test="id != null">
        #{id,jdbcType=VARCHAR},
      </if>
      <if test="tradeNum != null">
        #{tradeNum,jdbcType=VARCHAR},
      </if>
      <if test="businessNo != null">
        #{businessNo,jdbcType=VARCHAR},
      </if>
      <if test="channelType != null">
        #{channelType,jdbcType=VARCHAR},
      </if>
      <if test="channelNum != null">
        #{channelNum,jdbcType=VARCHAR},
      </if>
      <if test="channelName != null">
        #{channelName,jdbcType=VARCHAR},
      </if>
      <if test="acquirerNo != null">
        #{acquirerNo,jdbcType=VARCHAR},
      </if>
      <if test="clientName != null">
        #{clientName,jdbcType=VARCHAR},
      </if>
      <if test="certNo != null">
        #{certNo,jdbcType=VARCHAR},
      </if>
      <if test="cardNumber != null">
        #{cardNumber,jdbcType=VARCHAR},
      </if>
      <if test="clientAcount != null">
        #{clientAcount,jdbcType=VARCHAR},
      </if>
      <if test="bankAccountOfThings != null">
        #{bankAccountOfThings,jdbcType=VARCHAR},
      </if>
      <if test="transferType != null">
        #{transferType,jdbcType=INTEGER},
      </if>
      <if test="operationType != null">
        #{operationType,jdbcType=INTEGER},
      </if>
      <if test="transferMode != null">
        #{transferMode,jdbcType=INTEGER},
      </if>
      <if test="paidAmount != null">
        #{paidAmount,jdbcType=INTEGER},
      </if>
      <if test="giftAmount != null">
        #{giftAmount,jdbcType=INTEGER},
      </if>
      <if test="rechargeAmount != null">
        #{rechargeAmount,jdbcType=INTEGER},
      </if>
      <if test="operatorTime != null">
        #{operatorTime,jdbcType=TIMESTAMP},
      </if>
      <if test="employeeNo != null">
        #{employeeNo,jdbcType=VARCHAR},
      </if>
      <if test="createBy != null">
        #{createBy,jdbcType=VARCHAR},
      </if>
      <if test="createTime != null">
        #{createTime,jdbcType=TIMESTAMP},
      </if>
      <if test="remove != null">
        #{remove,jdbcType=INTEGER},
      </if>
      <if test="spare1 != null">
        #{spare1,jdbcType=VARCHAR},
      </if>
      <if test="spare2 != null">
        #{spare2,jdbcType=VARCHAR},
      </if>
      <if test="spare3 != null">
        #{spare3,jdbcType=VARCHAR},
      </if>
    </trim>
  </insert>
</mapper>