<?xml version="1.0" encoding="UTF-8" ?>
<!DOCTYPE mapper PUBLIC "-//mybatis.org//DTD Mapper 3.0//EN" "http://mybatis.org/dtd/mybatis-3-mapper.dtd" >
<mapper namespace="com.owinfo.service.core.mapper.CardMapper">
    <resultMap id="BaseResultMap" type="com.owinfo.object.entity.Etccardinfo" >
        <id column="id" property="id" jdbcType="VARCHAR" />
        <id column="cardId" property="cardId" jdbcType="VARCHAR" />
        <result column="tradeTime" property="tradeTime" jdbcType="TIMESTAMP" />
        <result column="cardStatus" property="cardStatus" jdbcType="VARCHAR" />
        <result column="cardBalance" property="cardBalance" jdbcType="DECIMAL" />
        <result column="cardAccountBalance" property="cardAccountBalance" jdbcType="DECIMAL" />
        <result column="clientNo" property="clientNo" jdbcType="VARCHAR" />
        <result column="cardPrice" property="cardPrice" jdbcType="DECIMAL" />
        <result column="billPoSt" property="billPoSt" jdbcType="VARCHAR" />
        <result column="liquidateTime" property="liquidateTime" jdbcType="TIMESTAMP" />
        <result column="liquidateNumber" property="liquidateNumber" jdbcType="DECIMAL" />
        <result column="cardLiquidateTime" property="cardLiquidateTime" jdbcType="TIMESTAMP" />
        <result column="liquidateStatus" property="liquidateStatus" jdbcType="VARCHAR" />
        <result column="operateType" property="operateType" jdbcType="VARCHAR" />
        <result column="stationId" property="stationId" jdbcType="VARCHAR" />
        <result column="obuId" property="obuId" jdbcType="VARCHAR" />
        <result column="bindStatus" property="bindStatus" jdbcType="CHAR" />
        <result column="clientType" property="clientType" jdbcType="CHAR" />
        <result column="vehicleLicense" property="vehicleLicense" jdbcType="VARCHAR" />
        <result column="payType" property="payType" jdbcType="VARCHAR" />
        <result column="favorRate" property="favorRate" jdbcType="VARCHAR" />
        <result column="operatorId" property="operatorId" jdbcType="VARCHAR" />
        <result column="verifyCode" property="verifyCode" jdbcType="VARCHAR" />
        <result column="transferMark" property="transferMark" jdbcType="VARCHAR" />
        <result column="createBy" property="createBy" jdbcType="VARCHAR" />
        <result column="createTime" property="createTime" jdbcType="TIMESTAMP" />
        <result column="updateBy" property="updateBy" jdbcType="VARCHAR" />
        <result column="updateTime" property="updateTime" jdbcType="TIMESTAMP" />
        <result column="remove" property="remove" jdbcType="CHAR" />
        <result column="spare" property="spare" jdbcType="VARCHAR" />
        <result column="spare1" property="spare1" jdbcType="VARCHAR" />
        <result column="spare2" property="spare2" jdbcType="VARCHAR" />
        <result column="certificateNumber" property="certificateNumber" jdbcType="VARCHAR" />
        <result column="clientName" property="clientName" jdbcType="VARCHAR" />
        <result column="signCardId" property="signCardId" jdbcType="VARCHAR" />
        <result column="signStatus" property="signStatus" jdbcType="CHAR" />
        <result column="cardType" property="cardType" jdbcType="VARCHAR" />
        <result column="brand" property="brand" jdbcType="VARCHAR" />
        <result column="model" property="model" jdbcType="VARCHAR" />
    </resultMap>

    <sql id="Base_Column_List" >
        id, cardId, tradeTime, cardStatus, cardBalance, cardAccountBalance, clientNo, cardPrice,
        billPoSt, liquidateTime, liquidateNumber, cardLiquidateTime, liquidateStatus, operateType,
        stationId, obuId, clientType,bindStatus, vehicleLicense, payType, favorRate, operatorId, verifyCode,
        transferMark, createBy, createTime, updateBy, updateTime, remove, spare, spare1,
        spare2, certificateNumber, clientName, signCardId, signStatus,cardType,brand,model
    </sql>

    <select id="getCard" resultMap="BaseResultMap">
        select
         *
        from etccardinfo
        where cardId = #{cardNo} and remove = '0'
    </select>

    <update id="updateCardAccountBalance">
        update etccardinfo
        SET cardAccountBalance = cardAccountBalance + #{arg0}
        where cardId = #{arg1}
    </update>

    <update id="updateCardBalance">
        UPDATE etccardinfo
        SET cardBalance = #{arg0}
        where cardId = #{arg1}
    </update>

    <select id="getCards" resultType="com.owinfo.object.entity.Etccardinfo">
        SELECT *
        FROM etccardinfo
        WHERE spare = #{arg0} and remove = '0'
        and cardStatus = '600202101' and payType = '1' and cardId <![CDATA[<>]]> #{arg1}
    </select>

    <select id="getAllCards" resultType="com.owinfo.object.entity.Etccardinfo">
        SELECT *
        FROM etccardinfo
        WHERE spare = #{arg0} and remove = '0'
        and cardStatus = '600202101' and payType = '1'
    </select>

    <select id="getcar" parameterType="java.util.Map" resultType="java.util.Map">
        select vehicleType
        from etcvehicle
        where cardId = #{cardId}
        and remove = 0
    </select>

    <select id="queryCard" parameterType="java.util.Map" resultType="java.util.Map">
        select cardAccountBalance
        from etccardinfo
        where cardId = #{cardId}
        and remove = 0
    </select>
</mapper>