<?xml version="1.0" encoding="UTF-8" ?>
<!DOCTYPE mapper PUBLIC "-//mybatis.org//DTD Mapper 3.0//EN" "http://mybatis.org/dtd/mybatis-3-mapper.dtd" >
<mapper namespace="com.owinfo.service.core.mapper.EtcclientinfoMapper" >
  <resultMap id="BaseResultMap" type="com.owinfo.object.entity.Etcclientinfo" >
    <id column="id" property="id" jdbcType="VARCHAR" />
    <result column="tradeTime" property="tradeTime" jdbcType="TIMESTAMP" />
    <result column="operateType" property="operateType" jdbcType="VARCHAR" />
    <result column="clientNo" property="clientNo" jdbcType="VARCHAR" />
    <result column="certificateType" property="certificateType" jdbcType="VARCHAR" />
    <result column="certificateNumber" property="certificateNumber" jdbcType="VARCHAR" />
    <result column="telephone" property="telephone" jdbcType="VARCHAR" />
    <result column="phoneNumber" property="phoneNumber" jdbcType="VARCHAR" />
    <result column="address" property="address" jdbcType="VARCHAR" />
    <result column="postCode" property="postCode" jdbcType="VARCHAR" />
    <result column="accountPass" property="accountPass" jdbcType="VARCHAR" />
    <result column="bankStatus" property="bankStatus" jdbcType="CHAR" />
    <result column="bankName" property="bankName" jdbcType="VARCHAR" />
    <result column="bankId" property="bankId" jdbcType="VARCHAR" />
    <result column="bankNumber" property="bankNumber" jdbcType="VARCHAR" />
    <result column="accountBalance" property="accountBalance" jdbcType="DECIMAL" />
    <result column="cipherBalance" property="cipherBalance" jdbcType="VARCHAR" />
    <result column="payBalance" property="payBalance" jdbcType="DECIMAL" />
    <result column="clientType" property="clientType" jdbcType="CHAR" />
    <result column="unitCertificateType" property="unitCertificateType" jdbcType="VARCHAR" />
    <result column="unitName" property="unitName" jdbcType="VARCHAR" />
    <result column="unitCertificateNo" property="unitCertificateNo" jdbcType="VARCHAR" />
    <result column="unitDeptName" property="unitDeptName" jdbcType="VARCHAR" />
    <result column="faxNumber" property="faxNumber" jdbcType="VARCHAR" />
    <result column="email" property="email" jdbcType="VARCHAR" />
    <result column="infoEnable" property="infoEnable" jdbcType="CHAR" />
    <result column="stationId" property="stationId" jdbcType="VARCHAR" />
    <result column="machineCode" property="machineCode" jdbcType="VARCHAR" />
    <result column="clientName" property="clientName" jdbcType="VARCHAR" />
    <result column="sex" property="sex" jdbcType="CHAR" />
    <result column="verifyCode" property="verifyCode" jdbcType="VARCHAR" />
    <result column="transferMark" property="transferMark" jdbcType="VARCHAR" />
    <result column="operatorId" property="operatorId" jdbcType="VARCHAR" />
    <result column="managerId" property="managerId" jdbcType="VARCHAR" />
    <result column="createBy" property="createBy" jdbcType="VARCHAR" />
    <result column="createTime" property="createTime" jdbcType="TIMESTAMP" />
    <result column="updateBy" property="updateBy" jdbcType="VARCHAR" />
    <result column="updateTime" property="updateTime" jdbcType="TIMESTAMP" />
    <result column="remove" property="remove" jdbcType="CHAR" />
    <result column="spare" property="spare" jdbcType="VARCHAR" />
    <result column="spare1" property="spare1" jdbcType="VARCHAR" />
    <result column="spare2" property="spare2" jdbcType="VARCHAR" />
    <result column="unitAddress" property="unitAddress" jdbcType="VARCHAR" />
    <result column="contactName" property="contactName" jdbcType="VARCHAR" />
    <result column="contactType" property="contactType" jdbcType="VARCHAR" />
    <result column="contactCertificate" property="contactCertificate" jdbcType="VARCHAR" />
    <result column="contactTelephone" property="contactTelephone" jdbcType="VARCHAR" />
  </resultMap>


  <sql id="Base_Column_List" >
    id, tradeTime, operateType, clientNo, certificateType, certificateNumber, telephone,
    phoneNumber, address, postCode, accountPass, bankStatus, bankName, bankId, bankNumber, 
    accountBalance, cipherBalance, payBalance, clientType, unitCertificateType, unitName, unitCertificateNo,
    unitDeptName, faxNumber, email, infoEnable, stationId, machineCode, clientName, sex, 
    verifyCode, transferMark, operatorId, managerId, createBy, createTime, updateBy, 
    updateTime, remove, spare, spare1, spare2,unitAddress,contactName,contactType,contactCertificate,contactTelephone
  </sql>

  <select id="selectById" resultMap="BaseResultMap" parameterType="java.lang.String" >
    select
    <include refid="Base_Column_List"/>
    from etcclientinfo
    where
    id = #{id,jdbcType=VARCHAR}
  </select>
  <select id="selectFinal" resultMap="BaseResultMap" parameterType="java.lang.String" >
    select
    <include refid="Base_Column_List"/>
    from etcclientinfo
    where remove = '0' AND (
    certificateNumber = #{certificateNumber,jdbcType=VARCHAR}
    OR
    unitCertificateNo = #{certificateNumber,jdbcType=VARCHAR} )
  </select>
  <select id="selectByPrimaryKey" resultMap="BaseResultMap" parameterType="java.lang.String" >
    select
    <include refid="Base_Column_List"/>
    from etcclientinfo
    where certificateNumber = #{certificateNumber,jdbcType=VARCHAR} AND remove = '0'
  </select>
  <select id="selectByUnitNo" resultMap="BaseResultMap" parameterType="java.lang.String" >
    select
    <include refid="Base_Column_List"/>
    from etcclientinfo
    where unitCertificateNo = #{certificateNumber,jdbcType=VARCHAR} AND remove = '0'
  </select>
  <select id="selectByPrimaryKeyTive" resultMap="BaseResultMap" parameterType="Map" >
    select
    <include refid="Base_Column_List" />
    from etcclientinfo
    <choose>
      <when test="certificateNumber!=null">
        where certificateNumber = #{certificateNumber,jdbcType=VARCHAR}
      </when>
      <when test="unitCertificateNo!=null">
        where  unitCertificateNo =  #{unitCertificateNo,jdbcType=VARCHAR}
      </when>
    </choose>
    AND  remove = '0'
  </select>
  <delete id="deleteByPrimaryKey" parameterType="java.lang.String" >
    delete from etcclientinfo
    where id = #{id,jdbcType=VARCHAR}
  </delete>
  <insert id="insert" parameterType="com.owinfo.object.entity.Etcclientinfo" >
    insert into etcclientinfo (id, tradeTime, operateType, 
      clientNo, certificateType, certificateNumber,
      telephone, phoneNumber, address, 
      postCode, accountPass, bankStatus, 
      bankName, bankId, bankNumber, 
      accountBalance, cipherBalance, payBalance, clientType,
      unitCertificateType, unitName, unitCertificateNo, 
      unitDeptName, faxNumber, email, 
      infoEnable, stationId, machineCode, 
      clientName, sex, verifyCode, 
      transferMark, operatorId, managerId, 
      createBy, createTime, updateBy, 
      updateTime, remove, spare, 
      spare1, spare2,unitAddress,contactName,contactType,contactCertificate,contactTelephone)
    values (#{id,jdbcType=VARCHAR}, #{tradeTime,jdbcType=TIMESTAMP}, #{operateType,jdbcType=VARCHAR},
      #{clientNo,jdbcType=VARCHAR}, #{certificateType,jdbcType=VARCHAR}, #{certificateNumber,jdbcType=VARCHAR},
      #{telephone,jdbcType=VARCHAR}, #{phoneNumber,jdbcType=VARCHAR}, #{address,jdbcType=VARCHAR},
      #{postCode,jdbcType=VARCHAR}, #{accountPass,jdbcType=VARCHAR}, #{bankStatus,jdbcType=CHAR},
      #{bankName,jdbcType=VARCHAR}, #{bankId,jdbcType=VARCHAR}, #{bankNumber,jdbcType=VARCHAR},
      #{accountBalance,jdbcType=DECIMAL}, #{cipherBalance,jdbcType=VARCHAR},#{payBalance,jdbcType=DECIMAL}, #{clientType,jdbcType=CHAR},
      #{unitCertificateType,jdbcType=VARCHAR}, #{unitName,jdbcType=VARCHAR}, #{unitCertificateNo,jdbcType=VARCHAR},
      #{unitDeptName,jdbcType=VARCHAR}, #{faxNumber,jdbcType=VARCHAR}, #{email,jdbcType=VARCHAR},
      #{infoEnable,jdbcType=CHAR}, #{stationId,jdbcType=VARCHAR}, #{machineCode,jdbcType=VARCHAR},
      #{clientName,jdbcType=VARCHAR}, #{sex,jdbcType=CHAR}, #{verifyCode,jdbcType=VARCHAR},
      #{transferMark,jdbcType=VARCHAR}, #{operatorId,jdbcType=VARCHAR}, #{managerId,jdbcType=VARCHAR},
      #{createBy,jdbcType=VARCHAR}, #{createTime,jdbcType=TIMESTAMP}, #{updateBy,jdbcType=VARCHAR},
      #{updateTime,jdbcType=TIMESTAMP}, #{remove,jdbcType=CHAR}, #{spare,jdbcType=VARCHAR},
      #{spare1,jdbcType=VARCHAR}, #{spare2,jdbcType=VARCHAR}, #{unitAddress,jdbcType=VARCHAR}, #{contactName,jdbcType=VARCHAR},
      #{contactType,jdbcType=VARCHAR}, #{contactCertificate,jdbcType=VARCHAR}, #{contactTelephone,jdbcType=VARCHAR})
  </insert>
  <insert id="insertSelective" parameterType="com.owinfo.object.entity.Etcclientinfo" >
    insert into etcclientinfo
    <trim prefix="(" suffix=")" suffixOverrides="," >
      <if test="id != null" >
        id,
      </if>
      <if test="tradeTime != null" >
        tradeTime,
      </if>
      <if test="operateType != null" >
        operateType,
      </if>
      <if test="clientNo != null" >
        clientNo,
      </if>
      <if test="certificateType != null" >
        certificateType,
      </if>
      <if test="certificateNumber != null" >
        certificateNumber,
      </if>
      <if test="telephone != null" >
        telephone,
      </if>
      <if test="phoneNumber != null" >
        phoneNumber,
      </if>
      <if test="address != null" >
        address,
      </if>
      <if test="postCode != null" >
        postCode,
      </if>
      <if test="accountPass != null" >
        accountPass,
      </if>
      <if test="bankStatus != null" >
        bankStatus,
      </if>
      <if test="bankName != null" >
        bankName,
      </if>
      <if test="bankId != null" >
        bankId,
      </if>
      <if test="bankNumber != null" >
        bankNumber,
      </if>
      <if test="accountBalance != null" >
        accountBalance,
      </if>
      <if test="cipherBalance != null" >
        cipherBalance,
      </if>
      <if test="payBalance != null" >
        payBalance,
      </if>
      <if test="clientType != null" >
        clientType,
      </if>
      <if test="unitCertificateType != null" >
        unitCertificateType,
      </if>
      <if test="unitName != null" >
        unitName,
      </if>
      <if test="unitCertificateNo != null" >
        unitCertificateNo,
      </if>
      <if test="unitDeptName != null" >
        unitDeptName,
      </if>
      <if test="faxNumber != null" >
        faxNumber,
      </if>
      <if test="email != null" >
        email,
      </if>
      <if test="infoEnable != null" >
        infoEnable,
      </if>
      <if test="stationId != null" >
        stationId,
      </if>
      <if test="machineCode != null" >
        machineCode,
      </if>
      <if test="clientName != null" >
        clientName,
      </if>
      <if test="sex != null" >
        sex,
      </if>
      <if test="verifyCode != null" >
        verifyCode,
      </if>
      <if test="transferMark != null" >
        transferMark,
      </if>
      <if test="operatorId != null" >
        operatorId,
      </if>
      <if test="managerId != null" >
        managerId,
      </if>
      <if test="createBy != null" >
        createBy,
      </if>
      <if test="createTime != null" >
        createTime,
      </if>
      <if test="updateBy != null" >
        updateBy,
      </if>
      <if test="updateTime != null" >
        updateTime,
      </if>
      <if test="remove != null" >
        remove,
      </if>
      <if test="spare != null" >
        spare,
      </if>
      <if test="spare1 != null" >
        spare1,
      </if>
      <if test="spare2 != null" >
        spare2,
      </if>
      <if test="unitAddress != null" >
        unitAddress,
      </if>
      <if test="contactName != null" >
        contactName,
      </if>
      <if test="contactType != null" >
        contactType,
      </if>
      <if test="contactCertificate != null" >
        contactCertificate,
      </if>
      <if test="contactTelephone != null" >
        contactTelephone,
      </if>
    </trim>
    <trim prefix="values (" suffix=")" suffixOverrides="," >
      <if test="id != null" >
        #{id,jdbcType=VARCHAR},
      </if>
      <if test="tradeTime != null" >
        #{tradeTime,jdbcType=TIMESTAMP},
      </if>
      <if test="operateType != null" >
        #{operateType,jdbcType=VARCHAR},
      </if>
      <if test="clientNo != null" >
        #{clientNo,jdbcType=VARCHAR},
      </if>
      <if test="certificateType != null" >
        #{certificateType,jdbcType=VARCHAR},
      </if>
      <if test="certificateNumber != null" >
        #{certificateNumber,jdbcType=VARCHAR},
      </if>
      <if test="telephone != null" >
        #{telephone,jdbcType=VARCHAR},
      </if>
      <if test="phoneNumber != null" >
        #{phoneNumber,jdbcType=VARCHAR},
      </if>
      <if test="address != null" >
        #{address,jdbcType=VARCHAR},
      </if>
      <if test="postCode != null" >
        #{postCode,jdbcType=VARCHAR},
      </if>
      <if test="accountPass != null" >
        #{accountPass,jdbcType=VARCHAR},
      </if>
      <if test="bankStatus != null" >
        #{bankStatus,jdbcType=CHAR},
      </if>
      <if test="bankName != null" >
        #{bankName,jdbcType=VARCHAR},
      </if>
      <if test="bankId != null" >
        #{bankId,jdbcType=VARCHAR},
      </if>
      <if test="bankNumber != null" >
        #{bankNumber,jdbcType=VARCHAR},
      </if>
      <if test="accountBalance != null" >
        #{accountBalance,jdbcType=DECIMAL},
      </if>
      <if test="cipherBalance != null" >
        #{cipherBalance,jdbcType=VARCHAR},
      </if>
      <if test="payBalance != null" >
        #{payBalance,jdbcType=DECIMAL},
      </if>
      <if test="clientType != null" >
        #{clientType,jdbcType=CHAR},
      </if>
      <if test="unitCertificateType != null" >
        #{unitCertificateType,jdbcType=VARCHAR},
      </if>
      <if test="unitName != null" >
        #{unitName,jdbcType=VARCHAR},
      </if>
      <if test="unitCertificateNo != null" >
        #{unitCertificateNo,jdbcType=VARCHAR},
      </if>
      <if test="unitDeptName != null" >
        #{unitDeptName,jdbcType=VARCHAR},
      </if>
      <if test="faxNumber != null" >
        #{faxNumber,jdbcType=VARCHAR},
      </if>
      <if test="email != null" >
        #{email,jdbcType=VARCHAR},
      </if>
      <if test="infoEnable != null" >
        #{infoEnable,jdbcType=CHAR},
      </if>
      <if test="stationId != null" >
        #{stationId,jdbcType=VARCHAR},
      </if>
      <if test="machineCode != null" >
        #{machineCode,jdbcType=VARCHAR},
      </if>
      <if test="clientName != null" >
        #{clientName,jdbcType=VARCHAR},
      </if>
      <if test="sex != null" >
        #{sex,jdbcType=CHAR},
      </if>
      <if test="verifyCode != null" >
        #{verifyCode,jdbcType=VARCHAR},
      </if>
      <if test="transferMark != null" >
        #{transferMark,jdbcType=VARCHAR},
      </if>
      <if test="operatorId != null" >
        #{operatorId,jdbcType=VARCHAR},
      </if>
      <if test="managerId != null" >
        #{managerId,jdbcType=VARCHAR},
      </if>
      <if test="createBy != null" >
        #{createBy,jdbcType=VARCHAR},
      </if>
      <if test="createTime != null" >
        #{createTime,jdbcType=TIMESTAMP},
      </if>
      <if test="updateBy != null" >
        #{updateBy,jdbcType=VARCHAR},
      </if>
      <if test="updateTime != null" >
        #{updateTime,jdbcType=TIMESTAMP},
      </if>
      <if test="remove != null" >
        #{remove,jdbcType=CHAR},
      </if>
      <if test="spare != null" >
        #{spare,jdbcType=VARCHAR},
      </if>
      <if test="spare1 != null" >
        #{spare1,jdbcType=VARCHAR},
      </if>
      <if test="spare2 != null" >
        #{spare2,jdbcType=VARCHAR},
      </if>
      <if test="unitAddress != null" >
        #{unitAddress,jdbcType=VARCHAR},
      </if>
      <if test="contactName != null" >
        #{contactName,jdbcType=VARCHAR},
      </if>
      <if test="contactType != null" >
        #{contactType,jdbcType=VARCHAR},
      </if>
      <if test="contactCertificate != null" >
        #{contactCertificate,jdbcType=VARCHAR},
      </if>
      <if test="contactTelephone != null" >
        #{contactTelephone,jdbcType=VARCHAR},
      </if>
    </trim>
  </insert>
  <update id="updateByPrimaryKeySelective" parameterType="com.owinfo.object.entity.Etcclientinfo" >
    update etcclientinfo
    <set >
      <if test="tradeTime != null" >
        tradeTime = #{tradeTime,jdbcType=TIMESTAMP},
      </if>
      <if test="operateType != null" >
        operateType = #{operateType,jdbcType=VARCHAR},
      </if>
      <if test="clientNo != null" >
        clientNo = #{clientNo,jdbcType=VARCHAR},
      </if>
      <if test="certificateType != null" >
        certificateType = #{certificateType,jdbcType=VARCHAR},
      </if>
      <if test="telephone != null" >
        telephone = #{telephone,jdbcType=VARCHAR},
      </if>
      <if test="phoneNumber != null" >
        phoneNumber = #{phoneNumber,jdbcType=VARCHAR},
      </if>
      <if test="address != null" >
        address = #{address,jdbcType=VARCHAR},
      </if>
      <if test="postCode != null" >
        postCode = #{postCode,jdbcType=VARCHAR},
      </if>
      <if test="accountPass != null" >
        accountPass = #{accountPass,jdbcType=VARCHAR},
      </if>
      <if test="bankStatus != null" >
        bankStatus = #{bankStatus,jdbcType=CHAR},
      </if>
      <if test="bankName != null" >
        bankName = #{bankName,jdbcType=VARCHAR},
      </if>
      <if test="bankId != null" >
        bankId = #{bankId,jdbcType=VARCHAR},
      </if>
      <if test="bankNumber != null" >
        bankNumber = #{bankNumber,jdbcType=VARCHAR},
      </if>
      <if test="accountBalance != null" >
        accountBalance = accountBalance + #{accountBalance,jdbcType=DECIMAL},
      </if>
      <if test="cipherBalance != null" >
        cipherBalance = #{cipherBalance,jdbcType=VARCHAR},
      </if>
      <if test="payBalance != null" >
        payBalance = #{payBalance,jdbcType=DECIMAL},
      </if>
      <if test="clientType != null" >
        clientType = #{clientType,jdbcType=CHAR},
      </if>
      <if test="unitCertificateType != null" >
        unitCertificateType = #{unitCertificateType,jdbcType=VARCHAR},
      </if>
      <if test="unitName != null" >
        unitName = #{unitName,jdbcType=VARCHAR},
      </if>
      <if test="unitDeptName != null" >
        unitDeptName = #{unitDeptName,jdbcType=VARCHAR},
      </if>
      <if test="faxNumber != null" >
        faxNumber = #{faxNumber,jdbcType=VARCHAR},
      </if>
      <if test="email != null" >
        email = #{email,jdbcType=VARCHAR},
      </if>
      <if test="infoEnable != null" >
        infoEnable = #{infoEnable,jdbcType=CHAR},
      </if>
      <if test="stationId != null" >
        stationId = #{stationId,jdbcType=VARCHAR},
      </if>
      <if test="machineCode != null" >
        machineCode = #{machineCode,jdbcType=VARCHAR},
      </if>
      <if test="clientName != null" >
        clientName = #{clientName,jdbcType=VARCHAR},
      </if>
      <if test="sex != null" >
        sex = #{sex,jdbcType=CHAR},
      </if>
      <if test="verifyCode != null" >
        verifyCode = #{verifyCode,jdbcType=VARCHAR},
      </if>
      <if test="transferMark != null" >
        transferMark = #{transferMark,jdbcType=VARCHAR},
      </if>
      <if test="operatorId != null" >
        operatorId = #{operatorId,jdbcType=VARCHAR},
      </if>
      <if test="managerId != null" >
        managerId = #{managerId,jdbcType=VARCHAR},
      </if>
      <if test="createBy != null" >
        createBy = #{createBy,jdbcType=VARCHAR},
      </if>
      <if test="createTime != null" >
        createTime = #{createTime,jdbcType=TIMESTAMP},
      </if>
      <if test="updateBy != null" >
        updateBy = #{updateBy,jdbcType=VARCHAR},
      </if>
      <if test="updateTime != null" >
        updateTime = #{updateTime,jdbcType=TIMESTAMP},
      </if>
      <if test="remove != null" >
        remove = #{remove,jdbcType=CHAR},
      </if>
      <if test="spare1 != null" >
        spare1 = #{spare1,jdbcType=VARCHAR},
      </if>
      <if test="spare2 != null" >
        spare2 = #{spare2,jdbcType=VARCHAR},
      </if>
      <if test="unitAddress != null" >
        unitAddress = #{unitAddress,jdbcType=VARCHAR},
      </if>
      <if test="contactName != null" >
        contactName = #{contactName,jdbcType=VARCHAR},
      </if>
      <if test="contactType != null" >
        contactType = #{contactType,jdbcType=VARCHAR},
      </if>
      <if test="contactCertificate != null" >
        contactCertificate = #{contactCertificate,jdbcType=VARCHAR},
      </if>
      <if test="contactTelephone != null" >
        contactTelephone = #{contactTelephone,jdbcType=VARCHAR},
      </if>
    </set>
    where remove= '0' and spare = #{spare,jdbcType=VARCHAR}
  </update>
  <update id="updateClient" parameterType="com.owinfo.object.entity.Etcclientinfo" >
  update etcclientinfo
  <set >
    <if test="tradeTime != null" >
      tradeTime = #{tradeTime,jdbcType=TIMESTAMP},
    </if>
    <if test="operateType != null" >
      operateType = #{operateType,jdbcType=VARCHAR},
    </if>
    <if test="clientNo != null" >
      clientNo = #{clientNo,jdbcType=VARCHAR},
    </if>
    <if test="certificateType != null" >
      certificateType = #{certificateType,jdbcType=VARCHAR},
    </if>
    <if test="telephone != null" >
      telephone = #{telephone,jdbcType=VARCHAR},
    </if>
    <if test="phoneNumber != null" >
      phoneNumber = #{phoneNumber,jdbcType=VARCHAR},
    </if>
    <if test="address != null" >
      address = #{address,jdbcType=VARCHAR},
    </if>
    <if test="postCode != null" >
      postCode = #{postCode,jdbcType=VARCHAR},
    </if>
    <if test="accountPass != null" >
      accountPass = #{accountPass,jdbcType=VARCHAR},
    </if>
    <if test="bankStatus != null" >
      bankStatus = #{bankStatus,jdbcType=CHAR},
    </if>
    <if test="bankName != null" >
      bankName = #{bankName,jdbcType=VARCHAR},
    </if>
    <if test="bankId != null" >
      bankId = #{bankId,jdbcType=VARCHAR},
    </if>
    <if test="bankNumber != null" >
      bankNumber = #{bankNumber,jdbcType=VARCHAR},
    </if>
    <if test="accountBalance != null" >
      accountBalance = #{accountBalance,jdbcType=DECIMAL},
    </if>
    <if test="cipherBalance != null" >
      cipherBalance = #{cipherBalance,jdbcType=VARCHAR},
    </if>
    <if test="payBalance != null" >
      payBalance = #{payBalance,jdbcType=DECIMAL},
    </if>
    <if test="clientType != null" >
      clientType = #{clientType,jdbcType=CHAR},
    </if>
    <if test="unitCertificateType != null" >
      unitCertificateType = #{unitCertificateType,jdbcType=VARCHAR},
    </if>
    <if test="unitName != null" >
      unitName = #{unitName,jdbcType=VARCHAR},
    </if>
    <if test="unitDeptName != null" >
      unitDeptName = #{unitDeptName,jdbcType=VARCHAR},
    </if>
    <if test="faxNumber != null" >
      faxNumber = #{faxNumber,jdbcType=VARCHAR},
    </if>
    <if test="email != null" >
      email = #{email,jdbcType=VARCHAR},
    </if>
    <if test="infoEnable != null" >
      infoEnable = #{infoEnable,jdbcType=CHAR},
    </if>
    <if test="machineCode != null" >
      machineCode = #{machineCode,jdbcType=VARCHAR},
    </if>
    <if test="clientName != null" >
      clientName = #{clientName,jdbcType=VARCHAR},
    </if>
    <if test="sex != null" >
      sex = #{sex,jdbcType=CHAR},
    </if>
    <if test="verifyCode != null" >
      verifyCode = #{verifyCode,jdbcType=VARCHAR},
    </if>
    <if test="transferMark != null" >
      transferMark = #{transferMark,jdbcType=VARCHAR},
    </if>
    <if test="managerId != null" >
      managerId = #{managerId,jdbcType=VARCHAR},
    </if>
    <if test="createBy != null" >
      createBy = #{createBy,jdbcType=VARCHAR},
    </if>
    <if test="createTime != null" >
      createTime = #{createTime,jdbcType=TIMESTAMP},
    </if>
    <if test="updateBy != null" >
      updateBy = #{updateBy,jdbcType=VARCHAR},
    </if>
    <if test="updateTime != null" >
      updateTime = #{updateTime,jdbcType=TIMESTAMP},
    </if>
    <if test="remove != null" >
      remove = #{remove,jdbcType=CHAR},
    </if>
    <if test="spare != null" >
      spare = #{spare,jdbcType=VARCHAR},
    </if>
    <if test="spare1 != null" >
      spare1 = #{spare1,jdbcType=VARCHAR},
    </if>
    <if test="spare2 != null" >
      spare2 = #{spare2,jdbcType=VARCHAR},
    </if>
    <if test="unitAddress != null" >
      unitAddress = #{unitAddress,jdbcType=VARCHAR},
    </if>
    <if test="contactName != null" >
      contactName = #{contactName,jdbcType=VARCHAR},
    </if>
    <if test="contactType != null" >
      contactType = #{contactType,jdbcType=VARCHAR},
    </if>
    <if test="contactCertificate != null" >
      contactCertificate = #{contactCertificate,jdbcType=VARCHAR},
    </if>
    <if test="contactTelephone != null" >
      contactTelephone = #{contactTelephone,jdbcType=VARCHAR},
    </if>
    <if test="unitCertificateNo != null" >
      unitCertificateNo = #{unitCertificateNo,jdbcType=VARCHAR},
    </if>
    <if test="certificateNumber != null" >
      certificateNumber = #{certificateNumber,jdbcType=VARCHAR},
    </if>
    <if test="stationId != null" >
      stationId = #{stationId,jdbcType=VARCHAR},
    </if>
  </set>
  <trim prefix="WHERE" prefixOverrides="AND|OR">
    <if test="1 != 2">
      remove= '0' AND
    </if>
    <if test='clientType == "1"'>
      certificateNumber = #{certificateNumber,jdbcType=VARCHAR}
    </if>
    <if test='clientType == "2"'>
      unitCertificateNo = #{unitCertificateNo,jdbcType=VARCHAR}
    </if>
  </trim>
</update>

  <update id="updateGroup" parameterType="com.owinfo.object.entity.Etcclientinfo" >
    update etcclientinfo
    <set >
      <if test="tradeTime != null" >
        tradeTime = #{tradeTime,jdbcType=TIMESTAMP},
      </if>
      <if test="operateType != null" >
        operateType = #{operateType,jdbcType=VARCHAR},
      </if>
      <if test="clientNo != null" >
        clientNo = #{clientNo,jdbcType=VARCHAR},
      </if>
      <if test="certificateType != null" >
        certificateType = #{certificateType,jdbcType=VARCHAR},
      </if>
      <if test="telephone != null" >
        telephone = #{telephone,jdbcType=VARCHAR},
      </if>
      <if test="phoneNumber != null" >
        phoneNumber = #{phoneNumber,jdbcType=VARCHAR},
      </if>
      <if test="address != null" >
        address = #{address,jdbcType=VARCHAR},
      </if>
      <if test="postCode != null" >
        postCode = #{postCode,jdbcType=VARCHAR},
      </if>
      <if test="accountPass != null" >
        accountPass = #{accountPass,jdbcType=VARCHAR},
      </if>
      <if test="bankStatus != null" >
        bankStatus = #{bankStatus,jdbcType=CHAR},
      </if>
      <if test="bankName != null" >
        bankName = #{bankName,jdbcType=VARCHAR},
      </if>
      <if test="bankId != null" >
        bankId = #{bankId,jdbcType=VARCHAR},
      </if>
      <if test="bankNumber != null" >
        bankNumber = #{bankNumber,jdbcType=VARCHAR},
      </if>
      <if test="accountBalance != null" >
        accountBalance = #{accountBalance,jdbcType=DECIMAL},
      </if>
      <if test="cipherBalance != null" >
        cipherBalance = #{cipherBalance,jdbcType=VARCHAR},
      </if>
      <if test="payBalance != null" >
        payBalance = #{payBalance,jdbcType=DECIMAL},
      </if>
      <if test="clientType != null" >
        clientType = #{clientType,jdbcType=CHAR},
      </if>
      <if test="unitCertificateType != null" >
        unitCertificateType = #{unitCertificateType,jdbcType=VARCHAR},
      </if>
      <if test="unitName != null" >
        unitName = #{unitName,jdbcType=VARCHAR},
      </if>
      <if test="unitDeptName != null" >
        unitDeptName = #{unitDeptName,jdbcType=VARCHAR},
      </if>
      <if test="faxNumber != null" >
        faxNumber = #{faxNumber,jdbcType=VARCHAR},
      </if>
      <if test="email != null" >
        email = #{email,jdbcType=VARCHAR},
      </if>
      <if test="infoEnable != null" >
        infoEnable = #{infoEnable,jdbcType=CHAR},
      </if>
      <if test="machineCode != null" >
        machineCode = #{machineCode,jdbcType=VARCHAR},
      </if>
      <if test="clientName != null" >
        clientName = #{clientName,jdbcType=VARCHAR},
      </if>
      <if test="sex != null" >
        sex = #{sex,jdbcType=CHAR},
      </if>
      <if test="verifyCode != null" >
        verifyCode = #{verifyCode,jdbcType=VARCHAR},
      </if>
      <if test="transferMark != null" >
        transferMark = #{transferMark,jdbcType=VARCHAR},
      </if>
      <if test="managerId != null" >
        managerId = #{managerId,jdbcType=VARCHAR},
      </if>
      <if test="updateBy != null" >
        updateBy = #{updateBy,jdbcType=VARCHAR},
      </if>
      <if test="updateTime != null" >
        updateTime = #{updateTime,jdbcType=TIMESTAMP},
      </if>
      <if test="remove != null" >
        remove = #{remove,jdbcType=CHAR},
      </if>
      <if test="spare != null" >
        spare = #{spare,jdbcType=VARCHAR},
      </if>
      <if test="spare1 != null" >
        spare1 = #{spare1,jdbcType=VARCHAR},
      </if>
      <if test="spare2 != null" >
        spare2 = #{spare2,jdbcType=VARCHAR},
      </if>
      <if test="unitAddress != null" >
        unitAddress = #{unitAddress,jdbcType=VARCHAR},
      </if>
      <if test="contactName != null" >
        contactName = #{contactName,jdbcType=VARCHAR},
      </if>
      <if test="contactType != null" >
        contactType = #{contactType,jdbcType=VARCHAR},
      </if>
      <if test="contactCertificate != null" >
        contactCertificate = #{contactCertificate,jdbcType=VARCHAR},
      </if>
      <if test="contactTelephone != null" >
        contactTelephone = #{contactTelephone,jdbcType=VARCHAR},
      </if>
      <if test="unitCertificateNo != null" >
        unitCertificateNo = #{unitCertificateNo,jdbcType=VARCHAR},
      </if>
      <if test="certificateNumber != null" >
        certificateNumber = #{certificateNumber,jdbcType=VARCHAR},
      </if>
      <if test="stationId != null" >
        stationId = #{stationId,jdbcType=VARCHAR},
      </if>
    </set>
    WHERE   id = #{id,jdbcType=VARCHAR}
  </update>

  <update id="updateAccountPass" parameterType="java.util.Map" >
    update etcclientinfo
    <set >
      accountPass = #{newAccountPass,jdbcType=VARCHAR},
      <if test="updateBy != null" >
        updateBy = #{updateBy,jdbcType=VARCHAR},
      </if>
      <if test="updateTime != null" >
        updateTime = #{updateTime,jdbcType=TIMESTAMP},
      </if>
      <if test="spare1 != null" >
        spare1 = #{spare1,jdbcType=VARCHAR},
      </if>
    </set>
    where remove = '0' AND
    ( certificateNumber = #{certificateNumber,jdbcType=VARCHAR}
    OR
    unitCertificateNo = #{certificateNumber,jdbcType=VARCHAR} )
  </update>
  <update id="deleteAccount" parameterType="java.util.Map" >
    update etcclientinfo
    <set >
      <if test="updateBy != null" >
        updateBy = #{updateBy,jdbcType=VARCHAR},
      </if>
      <if test="updateTime != null" >
        updateTime = #{updateTime,jdbcType=TIMESTAMP},
      </if>
      remove = '1'
    </set>
    where remove = '0' AND (
    certificateNumber = #{certificateNumber,jdbcType=VARCHAR}
    OR
    unitCertificateNo = #{certificateNumber,jdbcType=VARCHAR} )
  </update>
  <select id="initClient" resultType="java.lang.Integer">
    select count(1) from etcclientinfo
  </select>

  <select id="getUserBySpare" resultType="com.owinfo.object.entity.Etcclientinfo">
    select
    <include refid="Base_Column_List"/>
    from etcclientinfo
    where
    spare = #{spare,jdbcType=VARCHAR} AND remove = '0'
  </select>

  <update id="updateByyx" parameterType="java.util.Map" >
    update etcclientinfo
    <set >
      <if test="telephone != null" >
        telephone = #{telephone,jdbcType=VARCHAR},
      </if>
      <if test="phoneNumber != null" >
        phoneNumber = #{phoneNumber,jdbcType=VARCHAR},
      </if>
      <if test="certificateNumber != null" >
        certificateNumber = #{certificateNumber,jdbcType=VARCHAR},
      </if>
      <if test="unitCertificateNo != null" >
        unitCertificateNo = #{unitCertificateNo,jdbcType=VARCHAR},
      </if>
      remove = '0'
    </set>
    where id = #{id}
  </update>

  <update id="updateByOne" parameterType="com.owinfo.object.entity.Etcclientinfo" >
    update etcclientinfo
    <set >
      <if test="certificateNumber != null" >
        certificateNumber = #{certificateNumber,jdbcType=TIMESTAMP},
      </if>
      <if test="tradeTime != null" >
        tradeTime = #{tradeTime,jdbcType=TIMESTAMP},
      </if>
      <if test="operateType != null" >
        operateType = #{operateType,jdbcType=VARCHAR},
      </if>
      <if test="clientNo != null" >
        clientNo = #{clientNo,jdbcType=VARCHAR},
      </if>
      <if test="certificateType != null" >
        certificateType = #{certificateType,jdbcType=VARCHAR},
      </if>
      <if test="telephone != null" >
        telephone = #{telephone,jdbcType=VARCHAR},
      </if>
      <if test="phoneNumber != null" >
        phoneNumber = #{phoneNumber,jdbcType=VARCHAR},
      </if>
      <if test="address != null" >
        address = #{address,jdbcType=VARCHAR},
      </if>
      <if test="postCode != null" >
        postCode = #{postCode,jdbcType=VARCHAR},
      </if>
      <if test="accountPass != null" >
        accountPass = #{accountPass,jdbcType=VARCHAR},
      </if>
      <if test="bankStatus != null" >
        bankStatus = #{bankStatus,jdbcType=CHAR},
      </if>
      <if test="bankName != null" >
        bankName = #{bankName,jdbcType=VARCHAR},
      </if>
      <if test="bankId != null" >
        bankId = #{bankId,jdbcType=VARCHAR},
      </if>
      <if test="bankNumber != null" >
        bankNumber = #{bankNumber,jdbcType=VARCHAR},
      </if>
      <if test="accountBalance != null" >
        accountBalance = #{accountBalance,jdbcType=DECIMAL},
      </if>
      <if test="cipherBalance != null" >
        cipherBalance = #{cipherBalance,jdbcType=VARCHAR},
      </if>
      <if test="payBalance != null" >
        payBalance = #{payBalance,jdbcType=DECIMAL},
      </if>
      <if test="clientType != null" >
        clientType = #{clientType,jdbcType=CHAR},
      </if>
      <if test="unitCertificateType != null" >
        unitCertificateType = #{unitCertificateType,jdbcType=VARCHAR},
      </if>
      <if test="unitName != null" >
        unitName = #{unitName,jdbcType=VARCHAR},
      </if>
      <if test="unitDeptName != null" >
        unitDeptName = #{unitDeptName,jdbcType=VARCHAR},
      </if>
      <if test="faxNumber != null" >
        faxNumber = #{faxNumber,jdbcType=VARCHAR},
      </if>
      <if test="email != null" >
        email = #{email,jdbcType=VARCHAR},
      </if>
      <if test="infoEnable != null" >
        infoEnable = #{infoEnable,jdbcType=CHAR},
      </if>
      <if test="stationId != null" >
        stationId = #{stationId,jdbcType=VARCHAR},
      </if>
      <if test="machineCode != null" >
        machineCode = #{machineCode,jdbcType=VARCHAR},
      </if>
      <if test="clientName != null" >
        clientName = #{clientName,jdbcType=VARCHAR},
      </if>
      <if test="sex != null" >
        sex = #{sex,jdbcType=CHAR},
      </if>
      <if test="verifyCode != null" >
        verifyCode = #{verifyCode,jdbcType=VARCHAR},
      </if>
      <if test="transferMark != null" >
        transferMark = #{transferMark,jdbcType=VARCHAR},
      </if>
      <if test="operatorId != null" >
        operatorId = #{operatorId,jdbcType=VARCHAR},
      </if>
      <if test="managerId != null" >
        managerId = #{managerId,jdbcType=VARCHAR},
      </if>
      <if test="createBy != null" >
        createBy = #{createBy,jdbcType=VARCHAR},
      </if>
      <if test="createTime != null" >
        createTime = #{createTime,jdbcType=TIMESTAMP},
      </if>
      <if test="updateBy != null" >
        updateBy = #{updateBy,jdbcType=VARCHAR},
      </if>
      <if test="updateTime != null" >
        updateTime = #{updateTime,jdbcType=TIMESTAMP},
      </if>
      <if test="remove != null" >
        remove = #{remove,jdbcType=CHAR},
      </if>
      <if test="spare != null" >
        spare = #{spare,jdbcType=VARCHAR},
      </if>
      <if test="spare1 != null" >
        spare1 = #{spare1,jdbcType=VARCHAR},
      </if>
      <if test="spare2 != null" >
        spare2 = #{spare2,jdbcType=VARCHAR},
      </if>
      <if test="unitAddress != null" >
        unitAddress = #{unitAddress,jdbcType=VARCHAR},
      </if>
      <if test="contactName != null" >
        contactName = #{contactName,jdbcType=VARCHAR},
      </if>
      <if test="contactType != null" >
        contactType = #{contactType,jdbcType=VARCHAR},
      </if>
      <if test="contactCertificate != null" >
        contactCertificate = #{contactCertificate,jdbcType=VARCHAR},
      </if>
      <if test="contactTelephone != null" >
        contactTelephone = #{contactTelephone,jdbcType=VARCHAR},
      </if>
      <if test="unitCertificateNo != null" >
        unitCertificateNo = #{unitCertificateNo,jdbcType=VARCHAR},
      </if>
    </set>
    where id = #{id}
  </update>
</mapper>