<?xml version="1.0" encoding="UTF-8" ?>
<!DOCTYPE mapper PUBLIC "-//mybatis.org//DTD Mapper 3.0//EN" "http://mybatis.org/dtd/mybatis-3-mapper.dtd" >
<mapper namespace="com.owinfo.service.core.mapper.EtcvehicleMapper" >
  <resultMap id="BaseResultMap" type="com.owinfo.object.entity.Etcvehicle" >
    <id column="id" property="id" jdbcType="VARCHAR" />
    <result column="tradeTime" property="tradeTime" jdbcType="TIMESTAMP" />
    <result column="vehicleLicense" property="vehicleLicense" jdbcType="VARCHAR" />
    <result column="vehicleColor" property="vehicleColor" jdbcType="VARCHAR" />
    <result column="vehicleType" property="vehicleType" jdbcType="VARCHAR" />
    <result column="driveLicenseType" property="driveLicenseType" jdbcType="VARCHAR" />
    <result column="driveUseType" property="driveUseType" jdbcType="VARCHAR" />
    <result column="contactName" property="contactName" jdbcType="VARCHAR" />
    <result column="driveBrandType" property="driveBrandType" jdbcType="VARCHAR" />
    <result column="driveIdentifyNo" property="driveIdentifyNo" jdbcType="VARCHAR" />
    <result column="archiveNo" property="archiveNo" jdbcType="VARCHAR" />
    <result column="engineNo" property="engineNo" jdbcType="VARCHAR" />
    <result column="registrationDate" property="registrationDate" jdbcType="VARCHAR" />
    <result column="issueDate" property="issueDate" jdbcType="VARCHAR" />
    <result column="approveNo" property="approveNo" jdbcType="INTEGER" />
    <result column="totalQuality" property="totalQuality" jdbcType="DECIMAL" />
    <result column="serviceQuality" property="serviceQuality" jdbcType="DECIMAL" />
    <result column="approveQuality" property="approveQuality" jdbcType="DECIMAL" />
    <result column="vehicleSize" property="vehicleSize" jdbcType="VARCHAR" />
    <result column="tractionQuality" property="tractionQuality" jdbcType="DECIMAL" />
    <result column="wheelNo" property="wheelNo" jdbcType="INTEGER" />
    <result column="axleNo" property="axleNo" jdbcType="INTEGER" />
    <result column="wheelbase" property="wheelbase" jdbcType="DECIMAL" />
    <result column="axleType" property="axleType" jdbcType="CHAR" />
    <result column="inspectionRecord" property="inspectionRecord" jdbcType="VARCHAR" />
    <result column="isOwner" property="isOwner" jdbcType="CHAR" />
    <result column="createBy" property="createBy" jdbcType="VARCHAR" />
    <result column="createTime" property="createTime" jdbcType="TIMESTAMP" />
    <result column="updateBy" property="updateBy" jdbcType="VARCHAR" />
    <result column="updateTime" property="updateTime" jdbcType="TIMESTAMP" />
    <result column="remove" property="remove" jdbcType="CHAR" />
    <result column="spare" property="spare" jdbcType="VARCHAR" />
    <result column="spare1" property="spare1" jdbcType="VARCHAR" />
    <result column="certificateOwn" property="certificateOwn" jdbcType="VARCHAR" />
    <result column="ownName" property="ownName" jdbcType="VARCHAR" />
    <result column="certificateType" property="certificateType" jdbcType="VARCHAR" />
    <result column="ownPhone" property="ownPhone" jdbcType="VARCHAR" />
    <result column="ownAddress" property="ownAddress" jdbcType="VARCHAR" />
    <result column="certificateNumber" property="certificateNumber" jdbcType="VARCHAR" />
    <result column="obuId" property="obuId" jdbcType="VARCHAR" />
    <result column="obuStatus" property="obuStatus" jdbcType="VARCHAR" />
    <result column="cardId" property="cardId" jdbcType="VARCHAR" />
    <result column="cardStatus" property="cardStatus" jdbcType="VARCHAR" />
    <result column="suspendTime" property="suspendTime" jdbcType="TIMESTAMP" />
    <result column="status" property="status" jdbcType="VARCHAR"/>
  </resultMap>
  <sql id="Base_Column_List" >
    id, tradeTime, vehicleLicense, vehicleColor, vehicleType, driveLicenseType, driveUseType,
    contactName, driveBrandType, driveIdentifyNo, archiveNo, engineNo, registrationDate,
    issueDate, approveNo, totalQuality, serviceQuality, approveQuality, vehicleSize,
    tractionQuality, wheelNo, axleNo, wheelbase, axleType, inspectionRecord, isOwner,
    createBy, createTime, updateBy, updateTime, remove, spare, spare1, certificateOwn, ownName,
    certificateType, ownPhone, ownAddress, certificateNumber,obuId,obuStatus,cardId,cardStatus,suspendTime
  </sql>
  <select id="selectByPrimaryKey" resultMap="BaseResultMap" parameterType="Map" >
    select
    <include refid="Base_Column_List" />
    from etcvehicle
    where
    <trim  prefixOverrides="AND" >
      <if test="vehicleLicense != null and vehicleLicense != ''" >
        AND vehicleLicense = #{vehicleLicense,jdbcType=VARCHAR}
      </if>
      <if test="vehicleColor != null and vehicleColor != ''" >
        AND vehicleColor = #{vehicleColor,jdbcType=VARCHAR}
      </if>
      <if test="cardId != null and cardId != ''" >
        AND cardId = #{cardId,jdbcType=VARCHAR}
      </if>
      <if test="certificateNumber != null and certificateNumber != ''" >
        AND certificateNumber = #{certificateNumber,jdbcType=VARCHAR}
      </if>
      <if test="id != null and id != ''" >
        AND id = #{id,jdbcType=VARCHAR}
      </if>
      <if test="2>1">
        AND remove = '0'
      </if>
    </trim>
    limit 1
  </select>

  <select id="selectByCertificateNumber" resultMap="BaseResultMap" parameterType="java.lang.String" >
    select
    <include refid="Base_Column_List" />
    from etcvehicle
    where certificateNumber = #{certificateNumber,jdbcType=VARCHAR} and remove = '0'
  </select>

  <select id="selectById" resultMap="BaseResultMap" parameterType="java.lang.String" >
    select
    <include refid="Base_Column_List" />
    from etcvehicle
    where id = #{id,jdbcType=VARCHAR}
  </select>


  <select id="selecTive" resultMap="BaseResultMap" parameterType="java.util.Map" >
    select
    <include refid="Base_Column_List" />
    from etcvehicle
    where
    <trim>
      <if test="vehicleLicense != null and vehicleLicense != ''" >
        vehicleLicense  = #{vehicleLicense,jdbcType=VARCHAR} and
      </if>
      <if test="cardId != null and cardId != ''" >
        cardId = #{cardId,jdbcType=VARCHAR} and
      </if>
    </trim>
    remove = '0' and certificateNumber = #{certificateNumber,jdbcType=VARCHAR} order by createTime desc
  </select>

  <select id="selectStatus" resultType="java.lang.String" parameterType="java.util.Map" >
    select
      status
    from etctradestatus
    where
    vehicleLicense = #{vehicleLicense} AND vehicleColor = #{vehicleColor} AND remove = '0'
  </select>

  <delete id="deleteByPrimaryKey" parameterType="java.lang.String" >
    delete from etcvehicle
    where id = #{id,jdbcType=VARCHAR}
  </delete>

  <insert id="insert" parameterType="com.owinfo.object.entity.Etcvehicle" >
    insert into etcvehicle (id, tradeTime, vehicleLicense,
    vehicleColor, vehicleType, driveLicenseType,
    driveUseType, contactName, driveBrandType,
    driveIdentifyNo, archiveNo, engineNo,
    registrationDate, issueDate, approveNo,
    totalQuality, serviceQuality, approveQuality,
    vehicleSize, tractionQuality, wheelNo,
    axleNo, wheelbase, axleType,
    inspectionRecord, isOwner, createBy,
    createTime, updateBy, updateTime,
    remove, spare, spare1,
    certificateOwn, ownName, certificateType, ownPhone, ownAddress,certificateNumber,obuId,obuStatus,cardId,cardStatus,suspendTime)
    values (#{id,jdbcType=VARCHAR}, #{tradeTime,jdbcType=TIMESTAMP}, #{vehicleLicense,jdbcType=VARCHAR},
    #{vehicleColor,jdbcType=VARCHAR}, #{vehicleType,jdbcType=VARCHAR}, #{driveLicenseType,jdbcType=VARCHAR},
    #{driveUseType,jdbcType=VARCHAR}, #{contactName,jdbcType=VARCHAR}, #{driveBrandType,jdbcType=VARCHAR},
    #{driveIdentifyNo,jdbcType=VARCHAR}, #{archiveNo,jdbcType=VARCHAR}, #{engineNo,jdbcType=VARCHAR},
    #{registrationDate,jdbcType=VARCHAR}, #{issueDate,jdbcType=VARCHAR}, #{approveNo,jdbcType=INTEGER},
    #{totalQuality,jdbcType=DECIMAL}, #{serviceQuality,jdbcType=DECIMAL}, #{approveQuality,jdbcType=DECIMAL},
    #{vehicleSize,jdbcType=VARCHAR}, #{tractionQuality,jdbcType=DECIMAL}, #{wheelNo,jdbcType=INTEGER},
    #{axleNo,jdbcType=INTEGER}, #{wheelbase,jdbcType=DECIMAL}, #{axleType,jdbcType=CHAR},
    #{inspectionRecord,jdbcType=VARCHAR}, #{isOwner,jdbcType=CHAR}, #{createBy,jdbcType=VARCHAR},
    #{createTime,jdbcType=TIMESTAMP}, #{updateBy,jdbcType=VARCHAR}, #{updateTime,jdbcType=TIMESTAMP},
    #{remove,jdbcType=CHAR}, #{spare,jdbcType=VARCHAR}, #{spare1,jdbcType=VARCHAR},
    #{certificateOwn,jdbcType=VARCHAR}, #{ownName,jdbcType=VARCHAR}, #{certificateType,jdbcType=VARCHAR}, #{ownPhone,jdbcType=VARCHAR},
    #{ownAddress,jdbcType=VARCHAR},#{certificateNumber,jdbcType=VARCHAR},#{obuId,jdbcType=VARCHAR}, #{obuStatus,jdbcType=VARCHAR},
    #{cardId,jdbcType=VARCHAR}, #{cardStatus,jdbcType=VARCHAR},#{suspendTime,jdbcType=TIMESTAMP})
  </insert>
  <insert id="insertSelective" parameterType="com.owinfo.object.entity.Etcvehicle" >
    insert into etcvehicle
    <trim prefix="(" suffix=")" suffixOverrides="," >
      <if test="id != null" >
        id,
      </if>
      <if test="tradeTime != null" >
        tradeTime,
      </if>
      <if test="vehicleLicense != null" >
        vehicleLicense,
      </if>
      <if test="vehicleColor != null" >
        vehicleColor,
      </if>
      <if test="vehicleType != null" >
        vehicleType,
      </if>
      <if test="driveLicenseType != null" >
        driveLicenseType,
      </if>
      <if test="driveUseType != null" >
        driveUseType,
      </if>
      <if test="contactName != null" >
        contactName,
      </if>
      <if test="driveBrandType != null" >
        driveBrandType,
      </if>
      <if test="driveIdentifyNo != null" >
        driveIdentifyNo,
      </if>
      <if test="archiveNo != null" >
        archiveNo,
      </if>
      <if test="engineNo != null" >
        engineNo,
      </if>
      <if test="registrationDate != null" >
        registrationDate,
      </if>
      <if test="issueDate != null" >
        issueDate,
      </if>
      <if test="approveNo != null" >
        approveNo,
      </if>
      <if test="totalQuality != null" >
        totalQuality,
      </if>
      <if test="serviceQuality != null" >
        serviceQuality,
      </if>
      <if test="approveQuality != null" >
        approveQuality,
      </if>
      <if test="vehicleSize != null" >
        vehicleSize,
      </if>
      <if test="tractionQuality != null" >
        tractionQuality,
      </if>
      <if test="wheelNo != null" >
        wheelNo,
      </if>
      <if test="axleNo != null" >
        axleNo,
      </if>
      <if test="wheelbase != null" >
        wheelbase,
      </if>
      <if test="axleType != null" >
        axleType,
      </if>
      <if test="inspectionRecord != null" >
        inspectionRecord,
      </if>
      <if test="isOwner != null" >
        isOwner,
      </if>
      <if test="createBy != null" >
        createBy,
      </if>
      <if test="createTime != null" >
        createTime,
      </if>
      <if test="updateBy != null" >
        updateBy,
      </if>
      <if test="updateTime != null" >
        updateTime,
      </if>
      <if test="remove != null" >
        remove,
      </if>
      <if test="spare != null" >
        spare,
      </if>
      <if test="spare1 != null" >
        spare1,
      </if>
      <if test="certificateOwn != null" >
        certificateOwn,
      </if>
      <if test="ownName != null" >
        ownName,
      </if>
      <if test="certificateType != null" >
        certificateType,
      </if>
      <if test="ownPhone != null" >
        ownPhone,
      </if>
      <if test="ownAddress != null" >
        ownAddress,
      </if>
      <if test="certificateNumber != null" >
        certificateNumber,
      </if>
      <if test="obuId != null" >
        obuId,
      </if>
      <if test="obuStatus != null" >
        obuStatus,
      </if>
      <if test="cardId != null" >
        cardId,
      </if>
      <if test="cardStatus != null" >
        cardStatus,
      </if>
      <if test="suspendTime != null" >
        suspendTime,
      </if>
    </trim>
    <trim prefix="values (" suffix=")" suffixOverrides="," >
      <if test="id != null" >
        #{id,jdbcType=VARCHAR},
      </if>
      <if test="tradeTime != null" >
        #{tradeTime,jdbcType=TIMESTAMP},
      </if>
      <if test="vehicleLicense != null" >
        #{vehicleLicense,jdbcType=VARCHAR},
      </if>
      <if test="vehicleColor != null" >
        #{vehicleColor,jdbcType=VARCHAR},
      </if>
      <if test="vehicleType != null" >
        #{vehicleType,jdbcType=VARCHAR},
      </if>
      <if test="driveLicenseType != null" >
        #{driveLicenseType,jdbcType=VARCHAR},
      </if>
      <if test="driveUseType != null" >
        #{driveUseType,jdbcType=VARCHAR},
      </if>
      <if test="contactName != null" >
        #{contactName,jdbcType=VARCHAR},
      </if>
      <if test="driveBrandType != null" >
        #{driveBrandType,jdbcType=VARCHAR},
      </if>
      <if test="driveIdentifyNo != null" >
        #{driveIdentifyNo,jdbcType=VARCHAR},
      </if>
      <if test="archiveNo != null" >
        #{archiveNo,jdbcType=VARCHAR},
      </if>
      <if test="engineNo != null" >
        #{engineNo,jdbcType=VARCHAR},
      </if>
      <if test="registrationDate != null" >
        #{registrationDate,jdbcType=VARCHAR},
      </if>
      <if test="issueDate != null" >
        #{issueDate,jdbcType=VARCHAR},
      </if>
      <if test="approveNo != null" >
        #{approveNo,jdbcType=INTEGER},
      </if>
      <if test="totalQuality != null" >
        #{totalQuality,jdbcType=DECIMAL},
      </if>
      <if test="serviceQuality != null" >
        #{serviceQuality,jdbcType=DECIMAL},
      </if>
      <if test="approveQuality != null" >
        #{approveQuality,jdbcType=DECIMAL},
      </if>
      <if test="vehicleSize != null" >
        #{vehicleSize,jdbcType=VARCHAR},
      </if>
      <if test="tractionQuality != null" >
        #{tractionQuality,jdbcType=DECIMAL},
      </if>
      <if test="wheelNo != null" >
        #{wheelNo,jdbcType=INTEGER},
      </if>
      <if test="axleNo != null" >
        #{axleNo,jdbcType=INTEGER},
      </if>
      <if test="wheelbase != null" >
        #{wheelbase,jdbcType=DECIMAL},
      </if>
      <if test="axleType != null" >
        #{axleType,jdbcType=CHAR},
      </if>
      <if test="inspectionRecord != null" >
        #{inspectionRecord,jdbcType=VARCHAR},
      </if>
      <if test="isOwner != null" >
        #{isOwner,jdbcType=CHAR},
      </if>
      <if test="createBy != null" >
        #{createBy,jdbcType=VARCHAR},
      </if>
      <if test="createTime != null" >
        #{createTime,jdbcType=TIMESTAMP},
      </if>
      <if test="updateBy != null" >
        #{updateBy,jdbcType=VARCHAR},
      </if>
      <if test="updateTime != null" >
        #{updateTime,jdbcType=TIMESTAMP},
      </if>
      <if test="remove != null" >
        #{remove,jdbcType=CHAR},
      </if>
      <if test="spare != null" >
        #{spare,jdbcType=VARCHAR},
      </if>
      <if test="spare1 != null" >
        #{spare1,jdbcType=VARCHAR},
      </if>
      <if test="certificateOwn != null" >
        #{certificateOwn,jdbcType=VARCHAR},
      </if>
      <if test="ownName != null" >
        #{ownName,jdbcType=VARCHAR},
      </if>
      <if test="certificateType != null" >
        #{certificateType,jdbcType=VARCHAR},
      </if>
      <if test="ownPhone != null" >
        #{ownPhone,jdbcType=VARCHAR},
      </if>
      <if test="ownAddress != null" >
        #{ownAddress,jdbcType=VARCHAR},
      </if>
      <if test="certificateNumber != null" >
        #{certificateNumber,jdbcType=VARCHAR},
      </if>
      <if test="obuId != null" >
        #{obuId,jdbcType=VARCHAR},
      </if>
      <if test="obuStatus != null" >
        #{obuStatus,jdbcType=VARCHAR},
      </if>
      <if test="cardId != null" >
        #{cardId,jdbcType=VARCHAR},
      </if>
      <if test="cardStatus != null" >
        #{cardStatus,jdbcType=VARCHAR},
      </if>
      <if test="suspendTime != null" >
        #{suspendTime,jdbcType=TIMESTAMP},
      </if>
    </trim>
  </insert>
  <update id="updateByPrimaryKeySelective" parameterType="com.owinfo.object.entity.Etcvehicle" >
    update etcvehicle
    <set >
      <if test="tradeTime != null" >
        tradeTime = #{tradeTime,jdbcType=TIMESTAMP},
      </if>
      <if test="vehicleLicense != null" >
        vehicleLicense = #{vehicleLicense,jdbcType=VARCHAR},
      </if>
      <if test="vehicleColor != null" >
        vehicleColor = #{vehicleColor,jdbcType=VARCHAR},
      </if>
      <if test="vehicleType != null" >
        vehicleType = #{vehicleType,jdbcType=VARCHAR},
      </if>
      <if test="driveLicenseType != null" >
        driveLicenseType = #{driveLicenseType,jdbcType=VARCHAR},
      </if>
      <if test="driveUseType != null" >
        driveUseType = #{driveUseType,jdbcType=VARCHAR},
      </if>
      <if test="contactName != null" >
        contactName = #{contactName,jdbcType=VARCHAR},
      </if>
      <if test="driveBrandType != null" >
        driveBrandType = #{driveBrandType,jdbcType=VARCHAR},
      </if>
      <if test="driveIdentifyNo != null" >
        driveIdentifyNo = #{driveIdentifyNo,jdbcType=VARCHAR},
      </if>
      <if test="archiveNo != null" >
        archiveNo = #{archiveNo,jdbcType=VARCHAR},
      </if>
      <if test="engineNo != null" >
        engineNo = #{engineNo,jdbcType=VARCHAR},
      </if>
      <if test="registrationDate != null" >
        registrationDate = #{registrationDate,jdbcType=VARCHAR},
      </if>
      <if test="issueDate != null" >
        issueDate = #{issueDate,jdbcType=VARCHAR},
      </if>
      <if test="approveNo != null" >
        approveNo = #{approveNo,jdbcType=INTEGER},
      </if>
      <if test="totalQuality != null" >
        totalQuality = #{totalQuality,jdbcType=DECIMAL},
      </if>
      <if test="serviceQuality != null" >
        serviceQuality = #{serviceQuality,jdbcType=DECIMAL},
      </if>
      <if test="approveQuality != null" >
        approveQuality = #{approveQuality,jdbcType=DECIMAL},
      </if>
      <if test="vehicleSize != null" >
        vehicleSize = #{vehicleSize,jdbcType=VARCHAR},
      </if>
      <if test="tractionQuality != null" >
        tractionQuality = #{tractionQuality,jdbcType=DECIMAL},
      </if>
      <if test="wheelNo != null" >
        wheelNo = #{wheelNo,jdbcType=INTEGER},
      </if>
      <if test="axleNo != null" >
        axleNo = #{axleNo,jdbcType=INTEGER},
      </if>
      <if test="wheelbase != null" >
        wheelbase = #{wheelbase,jdbcType=DECIMAL},
      </if>
      <if test="axleType != null" >
        axleType = #{axleType,jdbcType=CHAR},
      </if>
      <if test="inspectionRecord != null" >
        inspectionRecord = #{inspectionRecord,jdbcType=VARCHAR},
      </if>
      <if test="isOwner != null" >
        isOwner = #{isOwner,jdbcType=CHAR},
      </if>
      <if test="createBy != null" >
        createBy = #{createBy,jdbcType=VARCHAR},
      </if>
      <if test="createTime != null" >
        createTime = #{createTime,jdbcType=TIMESTAMP},
      </if>
      <if test="updateBy != null" >
        updateBy = #{updateBy,jdbcType=VARCHAR},
      </if>
      <if test="updateTime != null" >
        updateTime = #{updateTime,jdbcType=TIMESTAMP},
      </if>
      <if test="remove != null" >
        remove = #{remove,jdbcType=CHAR},
      </if>
      <if test="spare != null" >
        spare = #{spare,jdbcType=VARCHAR},
      </if>
      <if test="spare1 != null" >
        spare1 = #{spare1,jdbcType=VARCHAR},
      </if>
      <if test="certificateOwn != null" >
        certificateOwn = #{certificateOwn,jdbcType=VARCHAR},
      </if>
      <if test="ownName != null" >
        ownName = #{ownName,jdbcType=VARCHAR},
      </if>
      <if test="certificateType != null" >
        certificateType = #{certificateType,jdbcType=VARCHAR},
      </if>
      <if test="ownPhone != null" >
        ownPhone = #{ownPhone,jdbcType=VARCHAR},
      </if>
      <if test="ownAddress != null" >
        ownAddress = #{ownAddress,jdbcType=VARCHAR},
      </if>
      <if test="certificateNumber != null" >
        certificateNumber = #{certificateNumber,jdbcType=VARCHAR},
      </if>
      <if test="obuId != null" >
        obuId = #{obuId,jdbcType=VARCHAR},
      </if>
      <if test="obuStatus != null" >
        obuStatus = #{obuStatus,jdbcType=VARCHAR},
      </if>
      <if test="cardId != null" >
        cardId = #{cardId,jdbcType=VARCHAR},
      </if>
      <if test="cardStatus != null" >
        cardStatus = #{cardStatus,jdbcType=VARCHAR},
      </if>
      <if test="suspendTime != null" >
        suspendTime = #{suspendTime,jdbcType=TIMESTAMP},
      </if>
    </set>
    where vehicleLicense = #{vehicleLicense,jdbcType=VARCHAR}
     and vehicleColor = #{vehicleColor,jdbcType=VARCHAR}
     and remove = '0'
  </update>
  <update id="vehicleObuCardSetZero" parameterType="com.owinfo.object.entity.Etcvehicle" >
    update etcvehicle
    <set >
      <if test="flag == 'obu'" >
        obuId= '',
        obuStatus = '',
      </if>
      <if test="flag == 'card'" >
        cardId = '',
        cardStatus = '',
      </if>
      <if test="flag == 'all'" >
        obuId = '',
        obuStatus = '',
        cardId = '',
        cardStatus = '',
      </if>
      <if test="updateTime != null" >
        updateTime = #{updateTime,jdbcType=TIMESTAMP},
      </if>
      <if test="suspendTime != null" >
        suspendTime = #{suspendTime,jdbcType=TIMESTAMP},
      </if>
    </set>
    where vehicleLicense = #{vehicleLicense,jdbcType=VARCHAR}
    and vehicleColor = #{vehicleColor,jdbcType=VARCHAR}
    and remove = '0'
  </update>
  <update id="updateCardLog" parameterType="com.owinfo.object.entity.Etcvehicle">
    update etccardlog
     set status = '0'
      where vehicleLicense = #{vehicleLicense,jdbcType=VARCHAR}
       AND
      vehicleColor = #{vehicleColor,jdbcType=VARCHAR}
  </update>
  <update id="updateObuLog" parameterType="com.owinfo.object.entity.Etcvehicle">
    update etcobulog
    set status = '0'
    where vehicleLicense = #{vehicleLicense,jdbcType=VARCHAR}
     AND
      vehicleColor = #{vehicleColor,jdbcType=VARCHAR}
  </update>
  <update id="updateById" parameterType="com.owinfo.object.entity.Etcvehicle" >
    update etcvehicle
    <set >
      <if test="tradeTime != null" >
        tradeTime = #{tradeTime,jdbcType=TIMESTAMP},
      </if>
      <if test="vehicleLicense != null" >
        vehicleLicense = #{vehicleLicense,jdbcType=VARCHAR},
      </if>
      <if test="vehicleColor != null" >
        vehicleColor = #{vehicleColor,jdbcType=VARCHAR},
      </if>
      <if test="vehicleType != null" >
        vehicleType = #{vehicleType,jdbcType=VARCHAR},
      </if>
      <if test="driveLicenseType != null" >
        driveLicenseType = #{driveLicenseType,jdbcType=VARCHAR},
      </if>
      <if test="driveUseType != null" >
        driveUseType = #{driveUseType,jdbcType=VARCHAR},
      </if>
      <if test="contactName != null" >
        contactName = #{contactName,jdbcType=VARCHAR},
      </if>
      <if test="driveBrandType != null" >
        driveBrandType = #{driveBrandType,jdbcType=VARCHAR},
      </if>
      <if test="driveIdentifyNo != null" >
        driveIdentifyNo = #{driveIdentifyNo,jdbcType=VARCHAR},
      </if>
      <if test="archiveNo != null" >
        archiveNo = #{archiveNo,jdbcType=VARCHAR},
      </if>
      <if test="engineNo != null" >
        engineNo = #{engineNo,jdbcType=VARCHAR},
      </if>
      <if test="registrationDate != null" >
        registrationDate = #{registrationDate,jdbcType=VARCHAR},
      </if>
      <if test="issueDate != null" >
        issueDate = #{issueDate,jdbcType=VARCHAR},
      </if>
      <if test="approveNo != null" >
        approveNo = #{approveNo,jdbcType=INTEGER},
      </if>
      <if test="totalQuality != null" >
        totalQuality = #{totalQuality,jdbcType=DECIMAL},
      </if>
      <if test="serviceQuality != null" >
        serviceQuality = #{serviceQuality,jdbcType=DECIMAL},
      </if>
      <if test="approveQuality != null" >
        approveQuality = #{approveQuality,jdbcType=DECIMAL},
      </if>
      <if test="vehicleSize != null" >
        vehicleSize = #{vehicleSize,jdbcType=VARCHAR},
      </if>
      <if test="tractionQuality != null" >
        tractionQuality = #{tractionQuality,jdbcType=DECIMAL},
      </if>
      <if test="wheelNo != null" >
        wheelNo = #{wheelNo,jdbcType=INTEGER},
      </if>
      <if test="axleNo != null" >
        axleNo = #{axleNo,jdbcType=INTEGER},
      </if>
      <if test="wheelbase != null" >
        wheelbase = #{wheelbase,jdbcType=DECIMAL},
      </if>
      <if test="axleType != null" >
        axleType = #{axleType,jdbcType=CHAR},
      </if>
      <if test="inspectionRecord != null" >
        inspectionRecord = #{inspectionRecord,jdbcType=VARCHAR},
      </if>
      <if test="isOwner != null" >
        isOwner = #{isOwner,jdbcType=CHAR},
      </if>
      <if test="createBy != null" >
        createBy = #{createBy,jdbcType=VARCHAR},
      </if>
      <if test="createTime != null" >
        createTime = #{createTime,jdbcType=TIMESTAMP},
      </if>
      <if test="updateBy != null" >
        updateBy = #{updateBy,jdbcType=VARCHAR},
      </if>
      <if test="updateTime != null" >
        updateTime = #{updateTime,jdbcType=TIMESTAMP},
      </if>
      <if test="remove != null" >
        remove = #{remove,jdbcType=CHAR},
      </if>
      <if test="spare != null" >
        spare = #{spare,jdbcType=VARCHAR},
      </if>
      <if test="spare1 != null" >
        spare1 = #{spare1,jdbcType=VARCHAR},
      </if>
      <if test="certificateOwn != null" >
        certificateOwn = #{certificateOwn,jdbcType=VARCHAR},
      </if>
      <if test="ownName != null" >
        ownName = #{ownName,jdbcType=VARCHAR},
      </if>
      <if test="certificateType != null" >
        certificateType = #{certificateType,jdbcType=VARCHAR},
      </if>
      <if test="ownPhone != null" >
        ownPhone = #{ownPhone,jdbcType=VARCHAR},
      </if>
      <if test="ownAddress != null" >
        ownAddress = #{ownAddress,jdbcType=VARCHAR},
      </if>
      <if test="certificateNumber != null" >
        certificateNumber = #{certificateNumber,jdbcType=VARCHAR},
      </if>
      <if test="obuId != null" >
        obuId = #{obuId,jdbcType=VARCHAR},
      </if>
      <if test="obuStatus != null" >
        obuStatus = #{obuStatus,jdbcType=VARCHAR},
      </if>
      <if test="cardId != null" >
        cardId = #{cardId,jdbcType=VARCHAR},
      </if>
      <if test="cardStatus != null" >
        cardStatus = #{cardStatus,jdbcType=VARCHAR},
      </if>
      <if test="suspendTime != null" >
        suspendTime = #{suspendTime,jdbcType=TIMESTAMP},
      </if>
    </set>
    where id = #{id,jdbcType=VARCHAR}
  </update>
  <update id="updateCerNo" parameterType="java.util.Map" >
    update etcvehicle
    <set >
      <if test="contactName != null" >
        contactName = #{contactName,jdbcType=VARCHAR},
      </if>
      <if test="createBy != null" >
        createBy = #{createBy,jdbcType=VARCHAR},
      </if>
      <if test="createTime != null" >
        createTime = #{createTime,jdbcType=TIMESTAMP},
      </if>
      <if test="updateBy != null" >
        updateBy = #{updateBy,jdbcType=VARCHAR},
      </if>
      <if test="updateTime != null" >
        updateTime = #{updateTime,jdbcType=TIMESTAMP},
      </if>
      <if test="remove != null" >
        remove = #{remove,jdbcType=CHAR},
      </if>
      <if test="certificateOwn != null" >
        certificateOwn = #{certificateOwn,jdbcType=VARCHAR},
      </if>
      <if test="ownName != null" >
        ownName = #{ownName,jdbcType=VARCHAR},
      </if>
      <if test="certificateType != null" >
        certificateType = #{certificateType,jdbcType=VARCHAR},
      </if>
      <if test="certificateNumber != null" >
        certificateNumber = #{certificateNumber,jdbcType=VARCHAR},
      </if>
    </set>
    where id = #{id}
  </update>
</mapper>