<?xml version="1.0" encoding="UTF-8"?>
<!DOCTYPE mapper PUBLIC "-//mybatis.org//DTD Mapper 3.0//EN" "http://mybatis.org/dtd/mybatis-3-mapper.dtd">
<mapper namespace="com.owinfo.service.core.mapper.FrontTransfrenceMapper">
  <resultMap id="BaseResultMap" type="com.owinfo.object.entity.FrontTransfrenceLog">
    <id column="id" jdbcType="VARCHAR" property="id" />
    <result column="card_no" jdbcType="VARCHAR" property="cardNo" />
    <result column="online_sn" jdbcType="VARCHAR" property="onlineSn" />
    <result column="operation_amount" jdbcType="INTEGER" property="operationAmount" />
    <result column="pre_operation_amount" jdbcType="INTEGER" property="preOperationAmount" />
    <result column="suf_operation_amount" jdbcType="INTEGER" property="sufOperationAmount" />
    <result column="create_time" jdbcType="TIMESTAMP" property="createTime" />
    <result column="create_by" jdbcType="VARCHAR" property="createBy" />
    <result column="remove" jdbcType="INTEGER" property="remove" />
    <result column="content" jdbcType="VARCHAR" property="content" />
  </resultMap>
  <sql id="Base_Column_List">
    id, card_no, online_sn, operation_amount, pre_operation_amount, suf_operation_amount, 
    create_time, create_by, remove, content
  </sql>
  <select id="selectByPrimaryKey" parameterType="java.lang.String" resultMap="BaseResultMap">
    select 
    <include refid="Base_Column_List" />
    from front_transfrence_log
    where id = #{id,jdbcType=VARCHAR}
  </select>
  <delete id="deleteByPrimaryKey" parameterType="java.lang.String">
    delete from front_transfrence_log
    where id = #{id,jdbcType=VARCHAR}
  </delete>
  <insert id="insert" parameterType="com.owinfo.object.entity.FrontTransfrenceLog">
    insert into front_transfrence_log (id, card_no, online_sn, 
      operation_amount, pre_operation_amount, suf_operation_amount, 
      create_time, create_by, remove, 
      content)
    values (#{id,jdbcType=VARCHAR}, #{cardNo,jdbcType=VARCHAR}, #{onlineSn,jdbcType=VARCHAR}, 
      #{operationAmount,jdbcType=INTEGER}, #{preOperationAmount,jdbcType=INTEGER}, #{sufOperationAmount,jdbcType=INTEGER}, 
      #{createTime,jdbcType=TIMESTAMP}, #{createBy,jdbcType=VARCHAR}, #{remove,jdbcType=INTEGER}, 
      #{content,jdbcType=VARCHAR})
  </insert>
  <insert id="addTransfrenceLog" parameterType="com.owinfo.object.entity.FrontTransfrenceLog">
    insert into front_transfrence_log
    <trim prefix="(" suffix=")" suffixOverrides=",">
      <if test="id != null">
        id,
      </if>
      <if test="cardNo != null">
        card_no,
      </if>
      <if test="onlineSn != null">
        online_sn,
      </if>
      <if test="operationAmount != null">
        operation_amount,
      </if>
      <if test="preOperationAmount != null">
        pre_operation_amount,
      </if>
      <if test="sufOperationAmount != null">
        suf_operation_amount,
      </if>
      <if test="createTime != null">
        create_time,
      </if>
      <if test="createBy != null">
        create_by,
      </if>
      <if test="remove != null">
        remove,
      </if>
      <if test="content != null">
        content,
      </if>
    </trim>
    <trim prefix="values (" suffix=")" suffixOverrides=",">
      <if test="id != null">
        #{id,jdbcType=VARCHAR},
      </if>
      <if test="cardNo != null">
        #{cardNo,jdbcType=VARCHAR},
      </if>
      <if test="onlineSn != null">
        #{onlineSn,jdbcType=VARCHAR},
      </if>
      <if test="operationAmount != null">
        #{operationAmount,jdbcType=INTEGER},
      </if>
      <if test="preOperationAmount != null">
        #{preOperationAmount,jdbcType=INTEGER},
      </if>
      <if test="sufOperationAmount != null">
        #{sufOperationAmount,jdbcType=INTEGER},
      </if>
      <if test="createTime != null">
        #{createTime,jdbcType=TIMESTAMP},
      </if>
      <if test="createBy != null">
        #{createBy,jdbcType=VARCHAR},
      </if>
      <if test="remove != null">
        #{remove,jdbcType=INTEGER},
      </if>
      <if test="content != null">
        #{content,jdbcType=VARCHAR},
      </if>
    </trim>
  </insert>
  <update id="updateByPrimaryKeySelective" parameterType="com.owinfo.object.entity.FrontTransfrenceLog">
    update front_transfrence_log
    <set>
      <if test="cardNo != null">
        card_no = #{cardNo,jdbcType=VARCHAR},
      </if>
      <if test="onlineSn != null">
        online_sn = #{onlineSn,jdbcType=VARCHAR},
      </if>
      <if test="operationAmount != null">
        operation_amount = #{operationAmount,jdbcType=INTEGER},
      </if>
      <if test="preOperationAmount != null">
        pre_operation_amount = #{preOperationAmount,jdbcType=INTEGER},
      </if>
      <if test="sufOperationAmount != null">
        suf_operation_amount = #{sufOperationAmount,jdbcType=INTEGER},
      </if>
      <if test="createTime != null">
        create_time = #{createTime,jdbcType=TIMESTAMP},
      </if>
      <if test="createBy != null">
        create_by = #{createBy,jdbcType=VARCHAR},
      </if>
      <if test="remove != null">
        remove = #{remove,jdbcType=INTEGER},
      </if>
      <if test="content != null">
        content = #{content,jdbcType=VARCHAR},
      </if>
    </set>
    where id = #{id,jdbcType=VARCHAR}
  </update>
  <update id="updateByPrimaryKey" parameterType="com.owinfo.object.entity.FrontTransfrenceLog">
    update front_transfrence_log
    set card_no = #{cardNo,jdbcType=VARCHAR},
      online_sn = #{onlineSn,jdbcType=VARCHAR},
      operation_amount = #{operationAmount,jdbcType=INTEGER},
      pre_operation_amount = #{preOperationAmount,jdbcType=INTEGER},
      suf_operation_amount = #{sufOperationAmount,jdbcType=INTEGER},
      create_time = #{createTime,jdbcType=TIMESTAMP},
      create_by = #{createBy,jdbcType=VARCHAR},
      remove = #{remove,jdbcType=INTEGER},
      content = #{content,jdbcType=VARCHAR}
    where id = #{id,jdbcType=VARCHAR}
  </update>
</mapper>