<?xml version="1.0" encoding="UTF-8"?>
<!DOCTYPE mapper PUBLIC "-//mybatis.org//DTD Mapper 3.0//EN" "http://mybatis.org/dtd/mybatis-3-mapper.dtd">
<mapper namespace="com.owinfo.service.core.mapper.FrontTransferenceOperationMapper">
  <resultMap id="BaseResultMap" type="com.owinfo.object.entity.FrontTransferenceOperation">
    <result column="id" jdbcType="VARCHAR" property="id" />
    <result column="trade_num" jdbcType="VARCHAR" property="tradeNum" />
    <result column="client_no" jdbcType="VARCHAR" property="clientNo" />
    <result column="card_info" jdbcType="VARCHAR" property="cardInfo" />
    <result column="online_sn" jdbcType="INTEGER" property="onlineSn" />
    <result column="random" jdbcType="VARCHAR" property="random" />
    <result column="operation_status" jdbcType="INTEGER" property="operationStatus" />
    <result column="card_no" jdbcType="VARCHAR" property="cardNo" />
    <result column="terminal_no" jdbcType="VARCHAR" property="terminalNo" />
    <result column="opt_time" jdbcType="TIMESTAMP" property="optTime" />
    <result column="operation_pre_money" jdbcType="INTEGER" property="operationPreMoney" />
    <result column="operation_money" jdbcType="INTEGER" property="operationMoney" />
    <result column="operation_suf_money" jdbcType="INTEGER" property="operationSufMoney" />
    <result column="remove" jdbcType="INTEGER" property="remove" />
    <result column="sign_data" jdbcType="VARCHAR" property="signData" />
    <result column="create_by" jdbcType="VARCHAR" property="createBy" />
    <result column="create_time" jdbcType="TIMESTAMP" property="createTime" />
    <result column="update_by" jdbcType="VARCHAR" property="updateBy" />
    <result column="update_time" jdbcType="TIMESTAMP" property="updateTime" />
    <result column="keyver" jdbcType="INTEGER" property="keyver" />
    <result column="algor" jdbcType="INTEGER" property="algor" />
    <result column="tac" jdbcType="VARCHAR" property="tac" />
  </resultMap>

  <sql id="Base_Column_List" >
    id, trade_num, client_no,card_info, online_sn, random,operation_status, card_no, terminal_no,
    opt_time, operation_pre_money, operation_money,operation_suf_money, remove, sign_data,create_by,
    create_time, update_by,update_time, keyver, algor,tac
  </sql>

  <insert id="insert" parameterType="com.owinfo.object.entity.FrontTransferenceOperation">
    insert into front_transference_operation (id, trade_num, client_no, 
      card_info, online_sn, random, 
      operation_status, card_no, terminal_no, 
      opt_time, operation_pre_money, operation_money, 
      operation_suf_money, remove, sign_data, 
      create_by, create_time, update_by, 
      update_time, keyver, algor, 
      tac)
    values (#{id,jdbcType=VARCHAR}, #{tradeNum,jdbcType=VARCHAR}, #{clientNo,jdbcType=VARCHAR},
      #{cardInfo,jdbcType=VARCHAR}, #{onlineSn,jdbcType=INTEGER}, #{random,jdbcType=VARCHAR},
      #{operationStatus,jdbcType=INTEGER}, #{cardNo,jdbcType=VARCHAR}, #{terminalNo,jdbcType=VARCHAR}, 
      #{optTime,jdbcType=TIMESTAMP}, #{operationPreMoney,jdbcType=INTEGER}, #{operationMoney,jdbcType=INTEGER}, 
      #{operationSufMoney,jdbcType=INTEGER}, #{remove,jdbcType=INTEGER}, #{signData,jdbcType=VARCHAR}, 
      #{createBy,jdbcType=VARCHAR}, #{createTime,jdbcType=TIMESTAMP}, #{updateBy,jdbcType=VARCHAR}, 
      #{updateTime,jdbcType=TIMESTAMP}, #{keyver,jdbcType=INTEGER}, #{algor,jdbcType=INTEGER}, 
      #{tac,jdbcType=VARCHAR})
  </insert>
  <insert id="insertSelective" parameterType="com.owinfo.object.entity.FrontTransferenceOperation">
    insert into front_transference_operation
    <trim prefix="(" suffix=")" suffixOverrides=",">
      <if test="id != null">
        id,
      </if>
      <if test="tradeNum != null">
        trade_num,
      </if>
      <if test="siteName != null">
        site_name,
      </if>
      <if test="employeeNo != null">
        employee_no,
      </if>
      <if test="clientNo != null">
        client_no,
      </if>
      <if test="cardInfo != null">
        card_info,
      </if>
      <if test="onlineSn != null">
        online_sn,
      </if>
      <if test="random != null">
        random,
      </if>
      <if test="operationStatus != null">
        operation_status,
      </if>
      <if test="cardNo != null">
        card_no,
      </if>
      <if test="terminalNo != null">
        terminal_no,
      </if>
      <if test="optTime != null">
        opt_time,
      </if>
      <if test="operationPreMoney != null">
        operation_pre_money,
      </if>
      <if test="operationMoney != null">
        operation_money,
      </if>
      <if test="operationSufMoney != null">
        operation_suf_money,
      </if>
      <if test="remove != null">
        remove,
      </if>
      <if test="signData != null">
        sign_data,
      </if>
      <if test="createBy != null">
        create_by,
      </if>
      <if test="createTime != null">
        create_time,
      </if>
      <if test="updateBy != null">
        update_by,
      </if>
      <if test="updateTime != null">
        update_time,
      </if>
      <if test="keyver != null">
        keyver,
      </if>
      <if test="algor != null">
        algor,
      </if>
      <if test="tac != null">
        tac,
      </if>
    </trim>
    <trim prefix="values (" suffix=")" suffixOverrides=",">
      <if test="id != null">
        #{id,jdbcType=VARCHAR},
      </if>
      <if test="tradeNum != null">
        #{tradeNum,jdbcType=VARCHAR},
      </if>
      <if test="siteName != null">
        #{siteName,jdbcType=VARCHAR},
      </if>
      <if test="employeeNo != null">
        #{employeeNo,jdbcType=VARCHAR},
      </if>
      <if test="clientNo != null">
        #{clientNo,jdbcType=VARCHAR},
      </if>
      <if test="cardInfo != null">
        #{cardInfo,jdbcType=VARCHAR},
      </if>
      <if test="onlineSn != null">
        #{onlineSn,jdbcType=INTEGER},
      </if>
      <if test="random != null">
        #{random,jdbcType=VARCHAR},
      </if>
      <if test="operationStatus != null">
        #{operationStatus,jdbcType=INTEGER},
      </if>
      <if test="cardNo != null">
        #{cardNo,jdbcType=VARCHAR},
      </if>
      <if test="terminalNo != null">
        #{terminalNo,jdbcType=VARCHAR},
      </if>
      <if test="optTime != null">
        #{optTime,jdbcType=TIMESTAMP},
      </if>
      <if test="operationPreMoney != null">
        #{operationPreMoney,jdbcType=INTEGER},
      </if>
      <if test="operationMoney != null">
        #{operationMoney,jdbcType=INTEGER},
      </if>
      <if test="operationSufMoney != null">
        #{operationSufMoney,jdbcType=INTEGER},
      </if>
      <if test="remove != null">
        #{remove,jdbcType=INTEGER},
      </if>
      <if test="signData != null">
        #{signData,jdbcType=VARCHAR},
      </if>
      <if test="createBy != null">
        #{createBy,jdbcType=VARCHAR},
      </if>
      <if test="createTime != null">
        #{createTime,jdbcType=TIMESTAMP},
      </if>
      <if test="updateBy != null">
        #{updateBy,jdbcType=VARCHAR},
      </if>
      <if test="updateTime != null">
        #{updateTime,jdbcType=TIMESTAMP},
      </if>
      <if test="keyver != null">
        #{keyver,jdbcType=INTEGER},
      </if>
      <if test="algor != null">
        #{algor,jdbcType=INTEGER},
      </if>
      <if test="tac != null">
        #{tac,jdbcType=VARCHAR},
      </if>
    </trim>
  </insert>

  <select id="getLastTransferOperation" resultMap="BaseResultMap">
    SELECT
      <include refid="Base_Column_List"></include>
    FROM front_transference_operation
    WHERE card_no = #{arg0} and online_sn = #{arg1}
  </select>

  <update id="updateTransferOperations">
    UPDATE front_transference_operation
    SET operation_status = 1
    WHERE id = #{id}
  </update>

  <update id="updateTransferOperation">
    UPDATE front_transference_operation
    SET operation_status = 1
    WHERE card_no = #{arg0} and online_sn = #{arg1}
  </update>

  <update id="updateTransferOperationByTradeNumber">
    UPDATE front_transference_operation
    SET operation_status = 1
    WHERE card_no = #{arg0} and trade_num = #{arg1}
  </update>



</mapper>