<?xml version="1.0" encoding="UTF-8"?>
<!DOCTYPE mapper PUBLIC "-//mybatis.org//DTD Mapper 3.0//EN" "http://mybatis.org/dtd/mybatis-3-mapper.dtd">
<mapper namespace="com.owinfo.service.core.mapper.FrontTransferenceLogMapper">
  <resultMap id="BaseResultMap" type="com.owinfo.object.entity.FrontTransfrenceLog">
    <result column="id" jdbcType="VARCHAR" property="id" />
    <result column="card_no" jdbcType="VARCHAR" property="cardNo" />
    <result column="online_sn" jdbcType="INTEGER" property="onlineSn" />
    <result column="pre_operation_amount" jdbcType="INTEGER" property="preOperationAmount" />
    <result column="operation_amount" jdbcType="INTEGER" property="operationAmount" />
    <result column="suf_operation_amount" jdbcType="INTEGER" property="sufOperationAmount" />
    <result column="create_by" jdbcType="VARCHAR" property="createBy" />
    <result column="create_time" jdbcType="TIMESTAMP" property="createTime" />
    <result column="content" jdbcType="VARCHAR" property="content" />
    <result column="remove" jdbcType="INTEGER" property="remove" />
  </resultMap>

  <insert id="addTransfrenceLog" parameterType="com.owinfo.object.entity.FrontTransfrenceLog">
    insert into front_transfrence_log
    <trim prefix="(" suffix=")" suffixOverrides=",">
      <if test="id != null">
        id,
      </if>
      <if test="card_no != null">
        card_no,
      </if>
      <if test="online_sn != null">
        online_sn,
      </if>
      <if test="pre_operation_amount != null">
        pre_operation_amount,
      </if>
      <if test="operation_amount != null">
        operation_amount,
      </if>
      <if test="suf_operation_amount != null">
        suf_operation_amount,
      </if>
      <if test="create_by != null">
        create_by,
      </if>
      <if test="create_time != null">
        create_time,
      </if>
      <if test="content != null">
        content,
      </if>
      <if test="remove != null">
        remove
      </if>
    </trim>
    <trim prefix="values (" suffix=")" suffixOverrides=",">
      <if test="id != null">
        #{id,jdbcType=VARCHAR},
      </if>
      <if test="card_no != null">
        #{cardNo,jdbcType=VARCHAR},
      </if>
      <if test="online_sn != null">
        #{onlineSn,jdbcType=INTEGER},
      </if>
      <if test="pre_operation_amount != null">
        #{preOperationAmount,jdbcType=INTEGER},
      </if>
      <if test="operation_amount != null">
        #{operationAmount,jdbcType=INTEGER},
      </if>
      <if test="suf_operation_amount != null">
        #{sufOperationAmount,jdbcType=INTEGER},
      </if>
      <if test="create_by != null">
        #{createBy,jdbcType=VARCHAR},
      </if>
      <if test="create_time != null">
        #{createTime,jdbcType=VARCHAR},
      </if>
      <if test="content != null">
        #{content,jdbcType=VARCHAR},
      </if>
      <if test="remove != null">
        #{remove,jdbcType=INTEGER}
      </if>
    </trim>
  </insert>
</mapper>