<?xml version="1.0" encoding="UTF-8"?>
<!DOCTYPE mapper PUBLIC "-//mybatis.org//DTD Mapper 3.0//EN" "http://mybatis.org/dtd/mybatis-3-mapper.dtd">
<mapper namespace="com.owinfo.service.core.mapper.FrontPaybackOperationMapper">
  <resultMap id="BaseResultMap" type="com.owinfo.object.entity.FrontPaybackOperation">
    <result column="id" jdbcType="VARCHAR" property="id" />
    <result column="payback_way" jdbcType="INTEGER" property="paybackWay" />
    <result column="client_no" jdbcType="VARCHAR" property="clientNo" />
    <result column="client_name" jdbcType="VARCHAR" property="clientName" />
    <result column="certificate_number" jdbcType="VARCHAR" property="certificateNumber" />
    <result column="will_payback_amount" jdbcType="INTEGER" property="willPaybackAmount" />
    <result column="payback_amount" jdbcType="INTEGER" property="paybackAmount" />
    <result column="amount_upper" jdbcType="VARCHAR" property="amountUpper" />
    <result column="payback_reason" jdbcType="VARCHAR" property="paybackReason" />
    <result column="create_by" jdbcType="VARCHAR" property="createBy" />
    <result column="create_time" jdbcType="TIMESTAMP" property="createTime" />
    <result column="spare1" jdbcType="VARCHAR" property="spare1" />
    <result column="spare2" jdbcType="VARCHAR" property="spare2" />
    <result column="spare3" jdbcType="VARCHAR" property="spare3" />
  </resultMap>
  <insert id="insert" parameterType="com.owinfo.object.entity.FrontPaybackOperation">
    insert into front_payback_operation (id, payback_way, client_no, 
      client_name, certificate_number, will_payback_amount, 
      payback_amount, amount_upper, payback_reason, 
      create_by, create_time, spare1, 
      spare2, spare3)
    values (#{id,jdbcType=VARCHAR}, #{paybackWay,jdbcType=INTEGER}, #{clientNo,jdbcType=VARCHAR}, 
      #{clientName,jdbcType=VARCHAR}, #{certificateNumber,jdbcType=VARCHAR}, #{willPaybackAmount,jdbcType=INTEGER}, 
      #{paybackAmount,jdbcType=INTEGER}, #{amountUpper,jdbcType=VARCHAR}, #{paybackReason,jdbcType=VARCHAR}, 
      #{createBy,jdbcType=VARCHAR}, #{createTime,jdbcType=TIMESTAMP}, #{spare1,jdbcType=VARCHAR}, 
      #{spare2,jdbcType=VARCHAR}, #{spare3,jdbcType=VARCHAR})
  </insert>
  <insert id="insertSelective" parameterType="com.owinfo.object.entity.FrontPaybackOperation">
    insert into front_payback_operation
    <trim prefix="(" suffix=")" suffixOverrides=",">
      <if test="id != null">
        id,
      </if>
      <if test="paybackWay != null">
        payback_way,
      </if>
      <if test="clientNo != null">
        client_no,
      </if>
      <if test="clientName != null">
        client_name,
      </if>
      <if test="certificateNumber != null">
        certificate_number,
      </if>
      <if test="willPaybackAmount != null">
        will_payback_amount,
      </if>
      <if test="paybackAmount != null">
        payback_amount,
      </if>
      <if test="amountUpper != null">
        amount_upper,
      </if>
      <if test="paybackReason != null">
        payback_reason,
      </if>
      <if test="createBy != null">
        create_by,
      </if>
      <if test="createTime != null">
        create_time,
      </if>
      <if test="spare1 != null">
        spare1,
      </if>
      <if test="spare2 != null">
        spare2,
      </if>
      <if test="spare3 != null">
        spare3,
      </if>
    </trim>
    <trim prefix="values (" suffix=")" suffixOverrides=",">
      <if test="id != null">
        #{id,jdbcType=VARCHAR},
      </if>
      <if test="paybackWay != null">
        #{paybackWay,jdbcType=INTEGER},
      </if>
      <if test="clientNo != null">
        #{clientNo,jdbcType=VARCHAR},
      </if>
      <if test="clientName != null">
        #{clientName,jdbcType=VARCHAR},
      </if>
      <if test="certificateNumber != null">
        #{certificateNumber,jdbcType=VARCHAR},
      </if>
      <if test="willPaybackAmount != null">
        #{willPaybackAmount,jdbcType=INTEGER},
      </if>
      <if test="paybackAmount != null">
        #{paybackAmount,jdbcType=INTEGER},
      </if>
      <if test="amountUpper != null">
        #{amountUpper,jdbcType=VARCHAR},
      </if>
      <if test="paybackReason != null">
        #{paybackReason,jdbcType=VARCHAR},
      </if>
      <if test="createBy != null">
        #{createBy,jdbcType=VARCHAR},
      </if>
      <if test="createTime != null">
        #{createTime,jdbcType=TIMESTAMP},
      </if>
      <if test="spare1 != null">
        #{spare1,jdbcType=VARCHAR},
      </if>
      <if test="spare2 != null">
        #{spare2,jdbcType=VARCHAR},
      </if>
      <if test="spare3 != null">
        #{spare3,jdbcType=VARCHAR},
      </if>
    </trim>
  </insert>
</mapper>