<?xml version="1.0" encoding="UTF-8"?>
<!DOCTYPE mapper PUBLIC "-//mybatis.org//DTD Mapper 3.0//EN" "http://mybatis.org/dtd/mybatis-3-mapper.dtd">
<mapper namespace="com.owinfo.service.core.mapper.FrontBillingRecordMapper">
  <resultMap id="BaseResultMap" type="com.owinfo.object.entity.FrontBillingRecord">
    <result column="id" jdbcType="VARCHAR" property="id" />
    <result column="trade_num" jdbcType="VARCHAR" property="tradeNum" />
    <result column="trans_id" jdbcType="VARCHAR" property="transId" />
    <result column="channel_num" jdbcType="VARCHAR" property="channelNum" />
    <result column="channel_type" jdbcType="VARCHAR" property="channelType" />
    <result column="channel_name" jdbcType="VARCHAR" property="channelName" />
    <result column="acquirer_no" jdbcType="VARCHAR" property="acquirerNo" />
    <result column="site_name" jdbcType="VARCHAR" property="siteName" />
    <result column="employee_no" jdbcType="VARCHAR" property="employeeNo" />
    <result column="client_type" jdbcType="INTEGER" property="clientType" />
    <result column="client_name" jdbcType="VARCHAR" property="clientName" />
    <result column="certificate_number" jdbcType="VARCHAR" property="certificateNumber" />
    <result column="account_subject" jdbcType="INTEGER" property="accountSubject" />
    <result column="vehicle_license" jdbcType="VARCHAR" property="vehicleLicense" />
    <result column="vehicle_type" jdbcType="VARCHAR" property="vehicleType" />
    <result column="account_subject_no" jdbcType="VARCHAR" property="accountSubjectNo" />
    <result column="account_subject_status" jdbcType="INTEGER" property="accountSubjectStatus" />
    <result column="operation_type" jdbcType="INTEGER" property="operationType" />
    <result column="recharge_type" jdbcType="INTEGER" property="rechargeType" />
    <result column="recharge_num" jdbcType="VARCHAR" property="rechargeNum" />
    <result column="fill_transfer_status" jdbcType="INTEGER" property="fillTransferStatus" />
    <result column="bank_type" jdbcType="INTEGER" property="bankType" />
    <result column="client_acount" jdbcType="VARCHAR" property="clientAcount" />
    <result column="client_balance" jdbcType="INTEGER" property="clientBalance" />
    <result column="bank_account_of_things" jdbcType="VARCHAR" property="bankAccountOfThings" />
    <result column="transfer_type" jdbcType="INTEGER" property="transferType" />
    <result column="transfer_mode" jdbcType="INTEGER" property="transferMode" />
    <result column="operation_mark" jdbcType="INTEGER" property="operationMark" />
    <result column="pre_operation_balance" jdbcType="INTEGER" property="preOperationBalance" />
    <result column="operation_amount" jdbcType="INTEGER" property="operationAmount" />
    <result column="suf_operation_balance" jdbcType="INTEGER" property="sufOperationBalance" />
    <result column="operation_user" jdbcType="VARCHAR" property="operationUser" />
    <result column="operation_time" jdbcType="TIMESTAMP" property="operationTime" />
    <result column="dispute_time" jdbcType="TIMESTAMP" property="disputeTime" />
    <result column="dispute_status" jdbcType="INTEGER" property="disputeStatus" />
    <result column="clearing_time" jdbcType="TIMESTAMP" property="clearingTime" />
    <result column="clearing_status" jdbcType="INTEGER" property="clearingStatus" />
    <result column="create_by" jdbcType="INTEGER" property="createBy" />
    <result column="remove" jdbcType="INTEGER" property="remove" />
    <result column="spare1" jdbcType="VARCHAR" property="spare1" />
    <result column="spare2" jdbcType="VARCHAR" property="spare2" />
    <result column="spare3" jdbcType="VARCHAR" property="spare3" />
  </resultMap>

  <sql id="Base_Column_List">
      id, trade_num,trans_id, channel_num,channel_type, channel_name, client_type,client_name,acquirer_no,
      site_name,employee_no, certificate_number,
      account_subject,vehicle_license,vehicle_type,account_subject_no, account_subject_status,operation_type,
      recharge_type,recharge_num, fill_transfer_status,bank_type,
      client_acount,client_balance, bank_account_of_things,transfer_type, transfer_mode, operation_mark,pre_operation_balance,
      operation_amount, suf_operation_balance,operation_user, operation_time, dispute_time,dispute_status,
      clearing_time, clearing_status,remove, spare1, spare2,spare3
  </sql>

  <insert id="insert" parameterType="com.owinfo.object.entity.FrontBillingRecord">
    insert into front_billing_record (id, trade_num,trans_id, channel_num,
      channel_type, channel_name,acquirer_no,site_name,employee_no, client_type,
      client_name, certificate_number, account_subject, vehicle_license,vehicle_type,
      account_subject_no, account_subject_status, 
      operation_type, recharge_type,recharge_num, fill_transfer_status, bank_type,client_acount,client_balance, bank_account_of_things,
      transfer_type, transfer_mode, operation_mark, 
      pre_operation_balance, operation_amount, suf_operation_balance, 
      operation_user, operation_time, dispute_time, 
      dispute_status, clearing_time, clearing_status, 
      remove, spare1, spare2, 
      spare3)
    values (#{id,jdbcType=VARCHAR}, #{tradeNum,jdbcType=VARCHAR}, #{transId,jdbcType=VARCHAR}, #{channelNum,jdbcType=VARCHAR},
      #{channelType,jdbcType=VARCHAR}, #{channelName,jdbcType=VARCHAR},#{acquirerNo,jdbcType=VARCHAR},#{siteName,jdbcType=VARCHAR},
      #{employeeNo,jdbcType=VARCHAR},#{clientType,jdbcType=INTEGER},
      #{clientName,jdbcType=VARCHAR}, #{certificateNumber,jdbcType=VARCHAR}, #{accountSubject,jdbcType=INTEGER},
      #{vehicle_license,jdbcType=VARCHAR},#{vehicle_type,jdbcType=VARCHAR},
      #{accountSubjectNo,jdbcType=VARCHAR}, #{accountSubjectStatus,jdbcType=INTEGER}, 
      #{operationType,jdbcType=INTEGER}, #{rechargeType,jdbcType=INTEGER}, #{rechargeNum,jdbcType=VARCHAR},#{fillTransferStatus,jdbcType=VARCHAR},#{bankType,jdbcType=INTEGER},#{clientAcount,jdbcType=VARCHAR},#{clientBalance,jdbcType=INTEGER}, #{bankAccountOfThings,jdbcType=VARCHAR},
      #{transferType,jdbcType=INTEGER}, #{transferMode,jdbcType=INTEGER}, #{operationMark,jdbcType=INTEGER}, 
      #{preOperationBalance,jdbcType=INTEGER}, #{operationAmount,jdbcType=INTEGER}, #{sufOperationBalance,jdbcType=INTEGER}, 
      #{operationUser,jdbcType=VARCHAR}, #{operationTime,jdbcType=TIMESTAMP}, #{disputeTime,jdbcType=TIMESTAMP}, 
      #{disputeStatus,jdbcType=INTEGER}, #{clearingTime,jdbcType=TIMESTAMP}, #{clearingStatus,jdbcType=INTEGER}, 
      #{remove,jdbcType=INTEGER}, #{spare1,jdbcType=VARCHAR}, #{spare2,jdbcType=VARCHAR}, 
      #{spare3,jdbcType=VARCHAR})
  </insert>
  <insert id="insertSelective" parameterType="com.owinfo.object.entity.FrontBillingRecord">
    insert into front_billing_record
    <trim prefix="(" suffix=")" suffixOverrides=",">
      <if test="id != null">
        id,
      </if>
      <if test="tradeNum != null">
        trade_num,
      </if>
      <if test="transId != null">
        trans_id,
      </if>
      <if test="channelNum != null">
        channel_num,
      </if>
      <if test="channelType != null">
        channel_type,
      </if>
      <if test="channelName != null">
        channel_name,
      </if>
      <if test="employeeNo != null">
        employee_no,
      </if>
      <if test="acquirerNo != null">
          acquirer_no,
      </if>
      <if test="siteName != null">
        site_name,
      </if>
      <if test="clientType != null">
        client_type,
      </if>
      <if test="clientName != null">
        client_name,
      </if>
      <if test="certificateNumber != null">
        certificate_number,
      </if>
      <if test="accountSubject != null">
        account_subject,
      </if>
      <if test="vehicleLicense != null and vehicleLicense != ''">
        vehicle_license,
      </if>
      <if test="vehicleType != null and vehicleType != ''">
          vehicle_type,
      </if>
      <if test="accountSubjectNo != null">
        account_subject_no,
      </if>
      <if test="accountSubjectStatus != null">
        account_subject_status,
      </if>
      <if test="operationType != null">
        operation_type,
      </if>
      <if test="rechargeType != null">
        recharge_type,
      </if>
      <if test="rechargeNum != null">
      recharge_num,
      </if>
      <if test="specificRechargeType != null">
        specific_recharge_type,
      </if>
      <if test="otherCollectionField != null">
        other_collection_field,
      </if>
      <if test="fillTransferStatus != null">
        fill_transfer_status,
      </if>
        <if test="bankType != null">
            bank_type,
        </if>
      <if test="clientAcount != null">
        client_acount,
      </if>
        <if test="clientBalance != null">
            client_balance,
        </if>
      <if test="bankAccountOfThings != null">
        bank_account_of_things,
      </if>
      <if test="transferType != null">
        transfer_type,
      </if>
      <if test="transferMode != null">
        transfer_mode,
      </if>
      <if test="operationMark != null">
        operation_mark,
      </if>
      <if test="preOperationBalance != null">
        pre_operation_balance,
      </if>
      <if test="operationAmount != null">
        operation_amount,
      </if>
      <if test="sufOperationBalance != null">
        suf_operation_balance,
      </if>
      <if test="operationUser != null">
        operation_user,
      </if>
      <if test="operationTime != null">
        operation_time,
      </if>
      <if test="disputeTime != null">
        dispute_time,
      </if>
      <if test="disputeStatus != null">
        dispute_status,
      </if>
      <if test="clearingTime != null">
        clearing_time,
      </if>
      <if test="clearingStatus != null">
        clearing_status,
      </if>
      <if test="createBy != null">
        create_by,
      </if>
      <if test="remove != null">
        remove,
      </if>
      <if test="spare1 != null">
        spare1,
      </if>
      <if test="spare2 != null">
        spare2,
      </if>
      <if test="spare3 != null">
        spare3,
      </if>
    </trim>
    <trim prefix="values (" suffix=")" suffixOverrides=",">
      <if test="id != null">
        #{id,jdbcType=VARCHAR},
      </if>
      <if test="tradeNum != null">
        #{tradeNum,jdbcType=VARCHAR},
      </if>
      <if test="transId != null">
        #{transId,jdbcType=VARCHAR},
      </if>
      <if test="channelNum != null">
        #{channelNum,jdbcType=VARCHAR},
      </if>
      <if test="channelType != null">
        #{channelType,jdbcType=INTEGER},
      </if>
      <if test="channelName != null">
        #{channelName,jdbcType=VARCHAR},
      </if>
      <if test="employeeNo != null">
        #{employeeNo,jdbcType=INTEGER},
      </if>
      <if test="acquirerNo != null">
         #{acquirerNo,jdbcType=INTEGER},
      </if>
      <if test="siteName != null">
        #{siteName,jdbcType=INTEGER},
      </if>
      <if test="clientType != null">
        #{clientType,jdbcType=INTEGER},
      </if>
      <if test="clientName != null">
        #{clientName,jdbcType=VARCHAR},
      </if>
      <if test="certificateNumber != null">
        #{certificateNumber,jdbcType=VARCHAR},
      </if>
      <if test="accountSubject != null">
        #{accountSubject,jdbcType=INTEGER},
      </if>
      <if test="vehicleLicense != null and vehicleLicense != ''">
          #{vehicleLicense},
      </if>
      <if test="vehicleType != null and vehicleType != ''">
          #{vehicleType},
      </if>
      <if test="accountSubjectNo != null">
        #{accountSubjectNo,jdbcType=VARCHAR},
      </if>
      <if test="accountSubjectStatus != null">
        #{accountSubjectStatus,jdbcType=INTEGER},
      </if>
      <if test="operationType != null">
        #{operationType,jdbcType=INTEGER},
      </if>
      <if test="rechargeType != null">
        #{rechargeType,jdbcType=INTEGER},
      </if>
      <if test="rechargeNum != null">
        #{rechargeNum,jdbcType=VARCHAR},
      </if>
      <if test="specificRechargeType != null">
        #{specificRechargeType,jdbcType=VARCHAR},
      </if>
      <if test="otherCollectionField != null">
        #{otherCollectionField,jdbcType=VARCHAR},
      </if>
      <if test="fillTransferStatus != null">
        #{fillTransferStatus,jdbcType=INTEGER},
      </if>
      <if test="bankType != null">
          #{bankType,jdbcType=INTEGER},
      </if>
      <if test="clientAcount != null">
        #{clientAcount,jdbcType=VARCHAR},
      </if>
      <if test="clientBalance != null">
          #{clientBalance,jdbcType=INTEGER},
      </if>
      <if test="bankAccountOfThings != null">
        #{bankAccountOfThings,jdbcType=VARCHAR},
      </if>
      <if test="transferType != null">
        #{transferType,jdbcType=INTEGER},
      </if>
      <if test="transferMode != null">
        #{transferMode,jdbcType=INTEGER},
      </if>
      <if test="operationMark != null">
        #{operationMark,jdbcType=INTEGER},
      </if>
      <if test="preOperationBalance != null">
        #{preOperationBalance,jdbcType=INTEGER},
      </if>
      <if test="operationAmount != null">
        #{operationAmount,jdbcType=INTEGER},
      </if>
      <if test="sufOperationBalance != null">
        #{sufOperationBalance,jdbcType=INTEGER},
      </if>
      <if test="operationUser != null">
        #{operationUser,jdbcType=VARCHAR},
      </if>
      <if test="operationTime != null">
        #{operationTime,jdbcType=TIMESTAMP},
      </if>
      <if test="disputeTime != null">
        #{disputeTime,jdbcType=TIMESTAMP},
      </if>
      <if test="disputeStatus != null">
        #{disputeStatus,jdbcType=INTEGER},
      </if>
      <if test="clearingTime != null">
        #{clearingTime,jdbcType=TIMESTAMP},
      </if>
      <if test="clearingStatus != null">
        #{clearingStatus,jdbcType=INTEGER},
      </if>
      <if test="createBy != null">
        #{createBy,jdbcType=INTEGER},
      </if>
      <if test="remove != null">
        #{remove,jdbcType=INTEGER},
      </if>
      <if test="spare1 != null">
        #{spare1,jdbcType=VARCHAR},
      </if>
      <if test="spare2 != null">
        #{spare2,jdbcType=VARCHAR},
      </if>
      <if test="spare3 != null">
        #{spare3,jdbcType=VARCHAR},
      </if>
    </trim>
  </insert>

  <!--物理圈存成功之后，回调接口更新账单表中的补圈存状态     此时为不需要补圈-->
  <update id="updateTransferRecord" parameterType="java.util.Map">
    UPDATE front_billing_record
    SET fill_transfer_status = 1
    WHERE account_subject_no = #{cardNo} and trade_num = #{tradeNum}
  </update>

  <!--补圈存成功后，更新账单表中的补圈存状态     此时为已补圈-->
  <update id="updateRepairTransferRecord" parameterType="java.util.Map">
    UPDATE front_billing_record
    SET fill_transfer_status = 2
    WHERE account_subject_no = #{cardNo} and trade_num = #{tradeNum}
  </update>

  <!--ETC卡资金流动查询    已经废弃-->
  <select id="selectFinanceFlowList" resultType="com.owinfo.object.dto.FinanceFlowDTO">
    SELECT
      account_subject AS accountSubject,
      operation_time AS operationTime,
      operation_type AS operationType,
      recharge_type AS rechargeType,
      operation_mark AS operationMark,
      fill_transfer_status AS fillTransfertatus,
      pre_operation_balance AS preOperationBalance,
      operation_amount AS operationAmount,
      suf_operation_balance AS sufOperationBalance,
      CASE WHEN account_subject IN ('2','3') THEN account_subject_no ELSE '-' END AS accountSubjectNo,
      CASE WHEN account_subject IN ('2','3') THEN
              IFNULL((SELECT DISTINCT e.certificateNumber FROM etcclientinfo e WHERE e.spare = certificate_number),
                (SELECT DISTINCT e.unitCertificateNo FROM etcclientinfo e WHERE e.spare = certificate_number))
           ELSE NULL
      END AS certificateNumber,
      CASE WHEN account_subject IN ('2','3') THEN
              IFNULL((SELECT DISTINCT e.clientName FROM etcclientinfo e WHERE e.spare = certificate_number),
              (SELECT DISTINCT e.unitName FROM etcclientinfo e WHERE e.spare = certificate_number))
              ELSE NULL
      END AS clientName
    FROM front_billing_record
    <where>
      <trim prefixOverrides="and|or">
        <if test="flowStart != null and flowStart != '' and flowEnd != null and flowEnd != ''">
          AND operation_time &gt;= #{flowStart} AND operation_time &lt; DATE_ADD(#{flowEnd},INTERVAL 1 DAY)
        </if>
        <if test="cardId != null and cardId != ''">
          AND account_subject_no LIKE CONCAT('%', '${cardId}', '%')
        </if>
        <if test="operationType != null and operationType != ''">
          AND operation_type = #{operationType}
        </if>
        <if test="1==1">
          AND account_subject IN  ('2','3')
        </if>
        <if test="1==1">
          AND remove = '0'
        </if>
      </trim>
    </where>
    order by operation_time desc
  </select>

  <!--ETC资金流动查询(包括卡和用户的资金)   此处查卡的资金流动-->
  <select id="selectEtcCardFinanceFlowList" resultType="com.owinfo.object.dto.FinanceFlowDTO">
    SELECT
    account_subject AS accountSubject,
    operation_time AS operationTime,
    operation_type AS operationType,
    recharge_type AS rechargeType,
    operation_mark AS operationMark,
    fill_transfer_status AS fillTransferStatus,
    pre_operation_balance AS preOperationBalance,
    operation_amount AS operationAmount,
    suf_operation_balance AS sufOperationBalance,
    CASE WHEN account_subject IN ('2','3') THEN account_subject_no ELSE '-' END AS accountSubjectNo,
    CASE WHEN account_subject IN ('2','3') THEN
          IFNULL((SELECT DISTINCT e.certificateNumber FROM etcclientinfo e WHERE e.spare = certificate_number),
          (SELECT DISTINCT e.unitCertificateNo FROM etcclientinfo e WHERE e.spare = certificate_number))
          ELSE NULL
          END AS certificateNumber,
    CASE WHEN account_subject IN ('2','3') THEN
          IFNULL((SELECT DISTINCT e.clientName FROM etcclientinfo e WHERE e.spare = certificate_number),
          (SELECT DISTINCT e.unitName FROM etcclientinfo e WHERE e.spare = certificate_number))
          ELSE NULL
          END AS clientName,
    CASE WHEN account_subject IN ('2','3') THEN
          (SELECT ec.cardStatus FROM etccardinfo ec WHERE ec.cardId = account_subject_no)
          END AS cardStatus
    FROM front_billing_record
    <where>
      <trim prefixOverrides="and|or">
        <if test="flowStart != null and flowStart != '' and flowEnd != null and flowEnd != ''">
          AND operation_time &gt;= #{flowStart} AND operation_time &lt; DATE_ADD(#{flowEnd},INTERVAL 1 DAY)
        </if>
        <if test="cardId != null and cardId != ''">
          AND account_subject_no LIKE CONCAT('%', '${cardId}', '%')
        </if>
        <if test="operationType != null and operationType != ''">
          AND operation_type = #{operationType}
        </if>
        <choose>
          <when test="fillTransferStatus != null and fillTransferStatus != ''">
            AND fill_transfer_status = #{fillTransferStatus}
            <if test="accountSubject == 'ALL'">
              AND account_subject = '3'
            </if>
            <if test="accountSubject != 'ALL'">
              AND account_subject = #{accountSubject}
            </if>
          </when>
          <otherwise>
            <if test="accountSubject == 'ALL'">
              AND account_subject IN ('2','3')
            </if>
            <if test="accountSubject != 'ALL'">
              AND account_subject = #{accountSubject}
            </if>
          </otherwise>
        </choose>

        <if test="1==1">
          AND remove = '0'
        </if>
      </trim>
    </where>
    order by operation_time desc
  </select>

  <!--ETC资金流动查询(包括卡和用户的资金)   此处查用户本身已经用户名下所有卡的资金流动-->
  <select id="selectEtcAccountFinanceFlowList" resultType="com.owinfo.object.dto.FinanceFlowDTO">
    SELECT
    account_subject AS accountSubject,
    operation_time AS operationTime,
    operation_type AS operationType,
    recharge_type AS rechargeType,
    operation_mark AS operationMark,
    fill_transfer_status AS fillTransferStatus,
    pre_operation_balance AS preOperationBalance,
    operation_amount AS operationAmount,
    suf_operation_balance AS sufOperationBalance,
    CASE WHEN account_subject IN ('2','3') THEN account_subject_no ELSE '-' END AS accountSubjectNo,
    CASE WHEN account_subject IN ('1','2','3') THEN
          IFNULL((SELECT DISTINCT e.certificateNumber FROM etcclientinfo e WHERE e.spare = certificate_number),
          (SELECT DISTINCT e.unitCertificateNo FROM etcclientinfo e WHERE e.spare = certificate_number))
          ELSE NULL
          END AS certificateNumber,
    CASE WHEN account_subject IN ('1','2','3') THEN
          IFNULL((SELECT DISTINCT e.clientName FROM etcclientinfo e WHERE e.spare = certificate_number),
          (SELECT DISTINCT e.unitName FROM etcclientinfo e WHERE e.spare = certificate_number))
          ELSE NULL
          END AS clientName,
    CASE WHEN account_subject IN ('2','3') THEN
          (SELECT ec.cardStatus FROM etccardinfo ec WHERE ec.cardId = account_subject_no)
          END AS cardStatus
    FROM front_billing_record
    <where>
      <trim prefixOverrides="and|or">
        <if test="flowStart != null and flowStart != '' and flowEnd != null and flowEnd != ''">
          AND operation_time &gt;= #{flowStart} AND operation_time &lt; DATE_ADD(#{flowEnd},INTERVAL 1 DAY)
        </if>
        <if test="spare != null and spare != ''">
          AND certificate_number LIKE CONCAT('%', '${spare}', '%')
        </if>
        <if test="operationType != null and operationType != ''">
          AND operation_type = #{operationType}
        </if>
        <if test="fillTransferStatus != null and fillTransferStatus != ''">
          AND fill_transfer_status = #{fillTransferStatus}
        </if>
        <if test="accountSubject == 'ALL'">
          AND account_subject IN('1','2','3')
        </if>
        <if test="accountSubject != 'ALL'">
          AND account_subject = #{accountSubject}
        </if>
        <if test="1==1">
          AND remove = '0'
        </if>
      </trim>
    </where>
    order by operation_time desc
  </select>

  <!--用户账户充值查询-->
  <select id="selectUserAccountRechargeList" resultType="com.owinfo.object.dto.AccountRechargeDTO">
   SELECT
    operation_time AS operationTime,
    operation_type AS operationType,
    recharge_type AS rechargeType,
    CASE WHEN account_subject = 1 THEN
          IFNULL((SELECT DISTINCT e.certificateNumber FROM etcclientinfo e WHERE e.spare = certificate_number),
          (SELECT DISTINCT e.unitCertificateNo FROM etcclientinfo e WHERE e.spare = certificate_number))
          ELSE NULL
    END AS certificateNumber,
    CASE WHEN account_subject = 1 THEN
          IFNULL((SELECT DISTINCT e.clientName FROM etcclientinfo e WHERE e.spare = certificate_number),
          (SELECT DISTINCT e.unitName FROM etcclientinfo e WHERE e.spare = certificate_number))
          ELSE NULL
    END AS clientName,
    pre_operation_balance AS preOperationBalance,
    operation_amount AS operationAmount,
    suf_operation_balance AS sufOperationBalance
    FROM front_billing_record
    <where>
      <trim prefixOverrides="and|or">
        <if test="rechargeStart != null and rechargeStart != '' and rechargeEnd != null and rechargeEnd != ''">
          AND operation_time &gt;= #{rechargeStart}  AND operation_time &lt; DATE_ADD(#{rechargeEnd},INTERVAL 1 DAY)
        </if>
        <if test="spare != null and spare != ''">
          AND certificate_number LIKE CONCAT('%', '${spare}', '%')
        </if>
        <if test="1 == 1">
          AND operation_type = '1'
        </if>
        <if test="2>1">
          AND account_subject = '1'
        </if>
        <if test="1 == 1">
          AND remove = '0'
      </if>
      </trim>
    </where>
    order by operation_time desc
  </select>

  <select id="selectUserTransactionDetail" resultMap="BaseResultMap">
    SELECT
     <include refid="Base_Column_List"></include>
    FROM front_billing_record
    <where>
      <trim prefixOverrides="and|or">
        <if test="certificateNumber != null and certificateNumber != ''">
          AND  certificate_number = #{certificateNumber}
        </if>
        <if test="2>1">
          AND  account_subject = '1'
        </if>
        <if test="2>1">
          AND recharge_type IN ('0','1','2','3','4')
        </if>
        <if test="2>1">
          AND remove = '0'
        </if>
        <if test="2>1">
          AND operation_type = '1'
        </if>
      </trim>
    </where>
    ORDER BY operation_time DESC LIMIT 1
  </select>

  <select id="selectUserTransactionDetails" resultMap="BaseResultMap">
    SELECT
     <include refid="Base_Column_List"></include>
    FROM front_billing_record
    <where>
      <trim prefixOverrides="and|or">
        <if test="accountSubjectNo != null and accountSubjectNo != ''">
          AND  account_subject_no = #{accountSubjectNo}
        </if>
        <if test="2>1">
          AND  account_subject = '2'
        </if>
        <if test="2>1">
          AND recharge_type IN ('0','1','2','3','4')
        </if>
        <if test="2>1">
          AND remove = '0'
        </if>
        <if test="2>1">
          AND operation_type = '1'
        </if>
      </trim>
    </where>
    ORDER BY operation_time DESC LIMIT 1
  </select>

  <select id="getLastBankRechargeRecord" resultMap="BaseResultMap">
    SELECT
    <include refid="Base_Column_List"></include>
    FROM front_billing_record
    <where>
      <trim prefixOverrides="and|or">
        <if test="transferType == 1">
          AND  account_subject_no = #{cardNumber}
        </if>
        <if test="transferType == 2">
          AND  account_subject_no = #{certNo}
        </if>
        <if test="2>1">
          AND operation_type IN ('8','9')
        </if>
        <if test="2>1">
          AND remove = '0'
        </if>
      </trim>
    </where>
    ORDER BY operation_time DESC LIMIT 1
  </select>

  <select id="financeSelect" parameterType="java.util.Map" resultMap="BaseResultMap">
    SELECT
    <include refid="Base_Column_List" />
    FROM front_billing_record
    <where>
      <trim prefixOverrides="and|or">
        <if test="account_subject != null">
          and account_subject = #{account_subject}
        </if>
        <if test="account_subject_no != null">
          and account_subject_no = #{account_subject_no}
        </if>
        <if test="dotNo !='' and dotNo != null">
          and acquirer_no = #{dotNo}
        </if>
        <if test="sign == 'in'">
          and operation_type in('4','5','6')
        </if>
        <if test="sign == '' or sign == null">
          <if test="operation_type != null">
            and operation_type = #{operation_type}
          </if>
        </if>
        <if test="operation_mark != null">
          and operation_mark = #{operation_mark}
        </if>
        <if test="remove != null">
          and remove = #{remove}
        </if>
        <if test="startTime != null">
          and operation_time &gt;= #{startTime}
        </if>
        <if test="endTime != null">
          and operation_time &lt; DATE_ADD(#{endTime},INTERVAL 1 DAY)
        </if>
      </trim>
    </where>
    ORDER BY operation_time DESC
  </select>

  <select id="TransIdValidate" resultType="java.lang.Boolean">
    SELECT count(*)
    from front_billing_record
    where trans_id = #{transId} and remove ='0' and operation_type in ('15','16')
  </select>

</mapper>