<?xml version="1.0" encoding="UTF-8"?>
<!DOCTYPE mapper PUBLIC "-//mybatis.org//DTD Mapper 3.0//EN" "http://mybatis.org/dtd/mybatis-3-mapper.dtd">
<mapper namespace="com.owinfo.service.core.mapper.FrontCardTransferOperationMapper">
  <resultMap id="BaseResultMap" type="com.owinfo.object.entity.FrontCardTransferOperation">
    <result column="id" jdbcType="VARCHAR" property="id" />
    <result column="original_card_id" jdbcType="VARCHAR" property="originalCardId" />
    <result column="client_no" jdbcType="VARCHAR" property="clientNo" />
    <result column="client_name" jdbcType="VARCHAR" property="clientName" />
    <result column="client_type" jdbcType="INTEGER" property="clientType" />
    <result column="certificate_number" jdbcType="VARCHAR" property="certificateNumber" />
    <result column="original_account_balance" jdbcType="INTEGER" property="originalAccountBalance" />
    <result column="transfer_card_id" jdbcType="VARCHAR" property="transferCardId" />
    <result column="vehicle_no" jdbcType="VARCHAR" property="vehicleNo" />
    <result column="transfer_account_balance" jdbcType="INTEGER" property="transferAccountBalance" />
    <result column="transfer_amount" jdbcType="INTEGER" property="transferAmount" />
    <result column="amount_upper" jdbcType="VARCHAR" property="amountUpper" />
    <result column="transfer_time" jdbcType="TIMESTAMP" property="transferTime" />
    <result column="create_by" jdbcType="VARCHAR" property="createBy" />
    <result column="create_time" jdbcType="TIMESTAMP" property="createTime" />
    <result column="remove" jdbcType="INTEGER" property="remove" />
    <result column="spare1" jdbcType="VARCHAR" property="spare1" />
    <result column="spare2" jdbcType="VARCHAR" property="spare2" />
    <result column="spare3" jdbcType="VARCHAR" property="spare3" />
  </resultMap>
  <insert id="insert" parameterType="com.owinfo.object.entity.FrontCardTransferOperation">
    insert into front_card_transfer_operation (id, original_card_id, client_no, 
      client_name, client_type, certificate_number, 
      original_account_balance, transfer_card_id, 
      vehicle_no, transfer_account_balance, transfer_amount, 
      amount_upper, transfer_time, create_by, 
      create_time, remove, spare1, 
      spare2, spare3)
    values (#{id,jdbcType=VARCHAR}, #{originalCardId,jdbcType=VARCHAR}, #{clientNo,jdbcType=VARCHAR}, 
      #{clientName,jdbcType=VARCHAR}, #{clientType,jdbcType=INTEGER}, #{certificateNumber,jdbcType=VARCHAR}, 
      #{originalAccountBalance,jdbcType=INTEGER}, #{transferCardId,jdbcType=VARCHAR}, 
      #{vehicleNo,jdbcType=VARCHAR}, #{transferAccountBalance,jdbcType=INTEGER}, #{transferAmount,jdbcType=INTEGER}, 
      #{amountUpper,jdbcType=VARCHAR}, #{transferTime,jdbcType=TIMESTAMP}, #{createBy,jdbcType=VARCHAR}, 
      #{createTime,jdbcType=TIMESTAMP}, #{remove,jdbcType=INTEGER}, #{spare1,jdbcType=VARCHAR}, 
      #{spare2,jdbcType=VARCHAR}, #{spare3,jdbcType=VARCHAR})
  </insert>
  <insert id="insertSelective" parameterType="com.owinfo.object.entity.FrontCardTransferOperation">
    insert into front_card_transfer_operation
    <trim prefix="(" suffix=")" suffixOverrides=",">
      <if test="id != null">
        id,
      </if>
      <if test="originalCardId != null">
        original_card_id,
      </if>
      <if test="clientNo != null">
        client_no,
      </if>
      <if test="clientName != null">
        client_name,
      </if>
      <if test="clientType != null">
        client_type,
      </if>
      <if test="certificateNumber != null">
        certificate_number,
      </if>
      <if test="originalAccountBalance != null">
        original_account_balance,
      </if>
      <if test="transferCardId != null">
        transfer_card_id,
      </if>
      <if test="vehicleNo != null">
        vehicle_no,
      </if>
      <if test="transferAccountBalance != null">
        transfer_account_balance,
      </if>
      <if test="transferAmount != null">
        transfer_amount,
      </if>
      <if test="amountUpper != null">
        amount_upper,
      </if>
      <if test="transferTime != null">
        transfer_time,
      </if>
      <if test="createBy != null">
        create_by,
      </if>
      <if test="createTime != null">
        create_time,
      </if>
      <if test="remove != null">
        remove,
      </if>
      <if test="spare1 != null">
        spare1,
      </if>
      <if test="spare2 != null">
        spare2,
      </if>
      <if test="spare3 != null">
        spare3,
      </if>
    </trim>
    <trim prefix="values (" suffix=")" suffixOverrides=",">
      <if test="id != null">
        #{id,jdbcType=VARCHAR},
      </if>
      <if test="originalCardId != null">
        #{originalCardId,jdbcType=VARCHAR},
      </if>
      <if test="clientNo != null">
        #{clientNo,jdbcType=VARCHAR},
      </if>
      <if test="clientName != null">
        #{clientName,jdbcType=VARCHAR},
      </if>
      <if test="clientType != null">
        #{clientType,jdbcType=INTEGER},
      </if>
      <if test="certificateNumber != null">
        #{certificateNumber,jdbcType=VARCHAR},
      </if>
      <if test="originalAccountBalance != null">
        #{originalAccountBalance,jdbcType=INTEGER},
      </if>
      <if test="transferCardId != null">
        #{transferCardId,jdbcType=VARCHAR},
      </if>
      <if test="vehicleNo != null">
        #{vehicleNo,jdbcType=VARCHAR},
      </if>
      <if test="transferAccountBalance != null">
        #{transferAccountBalance,jdbcType=INTEGER},
      </if>
      <if test="transferAmount != null">
        #{transferAmount,jdbcType=INTEGER},
      </if>
      <if test="amountUpper != null">
        #{amountUpper,jdbcType=VARCHAR},
      </if>
      <if test="transferTime != null">
        #{transferTime,jdbcType=TIMESTAMP},
      </if>
      <if test="createBy != null">
        #{createBy,jdbcType=VARCHAR},
      </if>
      <if test="createTime != null">
        #{createTime,jdbcType=TIMESTAMP},
      </if>
      <if test="remove != null">
        #{remove,jdbcType=INTEGER},
      </if>
      <if test="spare1 != null">
        #{spare1,jdbcType=VARCHAR},
      </if>
      <if test="spare2 != null">
        #{spare2,jdbcType=VARCHAR},
      </if>
      <if test="spare3 != null">
        #{spare3,jdbcType=VARCHAR},
      </if>
    </trim>
  </insert>
</mapper>