<?xml version="1.0" encoding="UTF-8"?>
<!DOCTYPE mapper PUBLIC "-//mybatis.org//DTD Mapper 3.0//EN" "http://mybatis.org/dtd/mybatis-3-mapper.dtd">
<mapper namespace="com.owinfo.service.core.mapper.FrontAllocationOperationMapper">
  <resultMap id="BaseResultMap" type="com.owinfo.object.entity.FrontAllocationOperation">
    <result column="id" jdbcType="VARCHAR" property="id" />
    <result column="trade_num" jdbcType="VARCHAR" property="tradeNum" />
    <result column="site_name" jdbcType="VARCHAR" property="siteName" />
    <result column="employee_no" jdbcType="VARCHAR" property="employeeNo" />
    <result column="client_no" jdbcType="VARCHAR" property="clientNo" />
    <result column="client_name" jdbcType="VARCHAR" property="clientName" />
    <result column="client_type" jdbcType="INTEGER" property="clientType" />
    <result column="allocation_operation" jdbcType="INTEGER" property="allocationOperation" />
    <result column="account_balance" jdbcType="INTEGER" property="accountBalance" />
    <result column="allocate_amount" jdbcType="INTEGER" property="allocateAmount" />
    <result column="allocate_count_amount" jdbcType="INTEGER" property="allocateCountAmount" />
    <result column="card_no" jdbcType="VARCHAR" property="cardNo" />
    <result column="vehicle_no" jdbcType="VARCHAR" property="vehicleNo" />
    <result column="card_balance" jdbcType="INTEGER" property="cardBalance" />
    <result column="trade_time" jdbcType="TIMESTAMP" property="tradeTime" />
    <result column="remove" jdbcType="INTEGER" property="remove" />
    <result column="create_by" jdbcType="VARCHAR" property="createBy" />
    <result column="create_time" jdbcType="TIMESTAMP" property="createTime" />
    <result column="spare3" jdbcType="VARCHAR" property="spare3" />
    <result column="spare2" jdbcType="VARCHAR" property="spare2" />
    <result column="spare1" jdbcType="VARCHAR" property="spare1" />
  </resultMap>
  <insert id="insert" parameterType="com.owinfo.object.entity.FrontAllocationOperation">
    insert into front_allocation_operation (id, trade_num, client_no, 
      client_name, client_type, allocation_operation, 
      account_balance, allocate_amount, allocate_count_amount, 
      card_no, vehicle_no, card_balance, 
      trade_time, remove, create_by, 
      create_time, spare3, spare2, 
      spare1)
    values (#{id,jdbcType=VARCHAR}, #{tradeNum,jdbcType=VARCHAR}, #{clientNo,jdbcType=VARCHAR}, 
      #{clientName,jdbcType=VARCHAR}, #{clientType,jdbcType=INTEGER}, #{allocationOperation,jdbcType=INTEGER}, 
      #{accountBalance,jdbcType=INTEGER}, #{allocateAmount,jdbcType=INTEGER}, #{allocateCountAmount,jdbcType=INTEGER}, 
      #{cardNo,jdbcType=VARCHAR}, #{vehicleNo,jdbcType=VARCHAR}, #{cardBalance,jdbcType=INTEGER}, 
      #{tradeTime,jdbcType=TIMESTAMP}, #{remove,jdbcType=INTEGER}, #{createBy,jdbcType=VARCHAR}, 
      #{createTime,jdbcType=TIMESTAMP}, #{spare3,jdbcType=VARCHAR}, #{spare2,jdbcType=VARCHAR}, 
      #{spare1,jdbcType=VARCHAR})
  </insert>
  <insert id="insertSelective" parameterType="com.owinfo.object.entity.FrontAllocationOperation">
    insert into front_allocation_operation
    <trim prefix="(" suffix=")" suffixOverrides=",">
      <if test="id != null">
        id,
      </if>
      <if test="tradeNum != null">
        trade_num,
      </if>
      <if test="siteName != null">
        site_name,
      </if>
      <if test="employeeNo != null">
        employee_no,
      </if>
      <if test="clientNo != null">
        client_no,
      </if>
      <if test="clientName != null">
        client_name,
      </if>
      <if test="clientType != null">
        client_type,
      </if>
      <if test="allocationOperation != null">
        allocation_operation,
      </if>
      <if test="accountBalance != null">
        account_balance,
      </if>
      <if test="allocateAmount != null">
        allocate_amount,
      </if>
      <if test="allocateCountAmount != null">
        allocate_count_amount,
      </if>
      <if test="cardNo != null">
        card_no,
      </if>
      <if test="vehicleNo != null">
        vehicle_no,
      </if>
      <if test="cardBalance != null">
        card_balance,
      </if>
      <if test="tradeTime != null">
        trade_time,
      </if>
      <if test="remove != null">
        remove,
      </if>
      <if test="createBy != null">
        create_by,
      </if>
      <if test="createTime != null">
        create_time,
      </if>
      <if test="spare3 != null">
        spare3,
      </if>
      <if test="spare2 != null">
        spare2,
      </if>
      <if test="spare1 != null">
        spare1,
      </if>
    </trim>
    <trim prefix="values (" suffix=")" suffixOverrides=",">
      <if test="id != null">
        #{id,jdbcType=VARCHAR},
      </if>
      <if test="tradeNum != null">
        #{tradeNum,jdbcType=VARCHAR},
      </if>
      <if test="siteName != null">
        #{siteName,jdbcType=VARCHAR},
      </if>
      <if test="employeeNo != null">
        #{employeeNo,jdbcType=VARCHAR},
      </if>
      <if test="clientNo != null">
        #{clientNo,jdbcType=VARCHAR},
      </if>
      <if test="clientName != null">
        #{clientName,jdbcType=VARCHAR},
      </if>
      <if test="clientType != null">
        #{clientType,jdbcType=INTEGER},
      </if>
      <if test="allocationOperation != null">
        #{allocationOperation,jdbcType=INTEGER},
      </if>
      <if test="accountBalance != null">
        #{accountBalance,jdbcType=INTEGER},
      </if>
      <if test="allocateAmount != null">
        #{allocateAmount,jdbcType=INTEGER},
      </if>
      <if test="allocateCountAmount != null">
        #{allocateCountAmount,jdbcType=INTEGER},
      </if>
      <if test="cardNo != null">
        #{cardNo,jdbcType=VARCHAR},
      </if>
      <if test="vehicleNo != null">
        #{vehicleNo,jdbcType=VARCHAR},
      </if>
      <if test="cardBalance != null">
        #{cardBalance,jdbcType=INTEGER},
      </if>
      <if test="tradeTime != null">
        #{tradeTime,jdbcType=TIMESTAMP},
      </if>
      <if test="remove != null">
        #{remove,jdbcType=INTEGER},
      </if>
      <if test="createBy != null">
        #{createBy,jdbcType=VARCHAR},
      </if>
      <if test="createTime != null">
        #{createTime,jdbcType=TIMESTAMP},
      </if>
      <if test="spare3 != null">
        #{spare3,jdbcType=VARCHAR},
      </if>
      <if test="spare2 != null">
        #{spare2,jdbcType=VARCHAR},
      </if>
      <if test="spare1 != null">
        #{spare1,jdbcType=VARCHAR},
      </if>
    </trim>
  </insert>
</mapper>