<?xml version="1.0" encoding="UTF-8"?>
<!DOCTYPE mapper PUBLIC "-//mybatis.org//DTD Mapper 3.0//EN" "http://mybatis.org/dtd/mybatis-3-mapper.dtd">
<mapper namespace="com.owinfo.service.core.mapper.FrontRechargeOperationMapper">
  <resultMap id="BaseResultMap" type="com.owinfo.object.entity.FrontRechargeOperation">
    <result column="id" jdbcType="VARCHAR" property="id" />
    <result column="trade_num" jdbcType="VARCHAR" property="tradeNum" />
    <result column="trans_id" jdbcType="VARCHAR" property="transId" />
    <result column="channel_type" jdbcType="VARCHAR" property="channelType" />
    <result column="channel_num" jdbcType="VARCHAR" property="channelNum" />
    <result column="channel_name" jdbcType="VARCHAR" property="channelName" />
    <result column="employee_no" jdbcType="VARCHAR" property="employeeNo" />
    <result column="site_name" jdbcType="VARCHAR" property="siteName" />
    <result column="certificate_number" jdbcType="VARCHAR" property="certificateNumber" />
    <result column="card_id" jdbcType="VARCHAR" property="cardId" />
    <result column="client_no" jdbcType="VARCHAR" property="clientNo" />
    <result column="client_name" jdbcType="VARCHAR" property="clientName" />
    <result column="client_type" jdbcType="INTEGER" property="clientType" />
    <result column="operation_type" jdbcType="INTEGER" property="operationType" />
    <result column="recharge_type" jdbcType="INTEGER" property="rechargeType" />
    <result column="recharge_num" jdbcType="VARCHAR" property="rechargeNum" />
    <result column="account_balance" jdbcType="INTEGER" property="accountBalance" />
    <result column="paid_amount" jdbcType="INTEGER" property="paidAmount" />
    <result column="gift_amount" jdbcType="INTEGER" property="giftAmount" />
    <result column="recharge_amount" jdbcType="INTEGER" property="rechargeAmount" />
    <result column="amount_upper" jdbcType="VARCHAR" property="amountUpper" />
    <result column="trade_time" jdbcType="TIMESTAMP" property="tradeTime" />
    <result column="correct_reason" jdbcType="VARCHAR" property="correctReason" />
    <result column="remove" jdbcType="INTEGER" property="remove" />
  </resultMap>
  <insert id="insert" parameterType="com.owinfo.object.entity.FrontRechargeOperation">
    insert into front_recharge_operation (id,trans_id, trade_num, channel_type,
      channel_num, channel_name, employee_no, site_name,
      certificate_number, card_id, client_no, 
      client_name, client_type, operation_type, 
      recharge_type, recharge_num, account_balance, 
      paid_amount, gift_amount, recharge_amount, 
      amount_upper, trade_time, correct_reason, 
      remove)
    values (#{id,jdbcType=VARCHAR},#{transId,jdbcType=VARCHAR}, #{tradeNum,jdbcType=VARCHAR}, #{channelType,jdbcType=VARCHAR},
      #{channelNum,jdbcType=VARCHAR}, #{channelName,jdbcType=VARCHAR},#{employeeNo,jdbcType=VARCHAR},  #{siteName,jdbcType=VARCHAR},
      #{certificateNumber,jdbcType=VARCHAR}, #{cardId,jdbcType=VARCHAR}, #{clientNo,jdbcType=VARCHAR}, 
      #{clientName,jdbcType=VARCHAR}, #{clientType,jdbcType=INTEGER}, #{operationType,jdbcType=INTEGER}, 
      #{rechargeType,jdbcType=INTEGER}, #{rechargeNum,jdbcType=VARCHAR}, #{accountBalance,jdbcType=INTEGER}, 
      #{paidAmount,jdbcType=INTEGER}, #{giftAmount,jdbcType=INTEGER}, #{rechargeAmount,jdbcType=INTEGER}, 
      #{amountUpper,jdbcType=VARCHAR}, #{tradeTime,jdbcType=TIMESTAMP}, #{correctReason,jdbcType=VARCHAR}, 
      #{remove,jdbcType=INTEGER})
  </insert>
  <insert id="insertSelective" parameterType="com.owinfo.object.entity.FrontRechargeOperation">
    insert into front_recharge_operation
    <trim prefix="(" suffix=")" suffixOverrides=",">
      <if test="id != null">
        id,
      </if>
      <if test="transId != null">
        trans_id,
      </if>
      <if test="tradeNum != null">
        trade_num,
      </if>
      <if test="channelType != null">
        channel_type,
      </if>
      <if test="channelNum != null">
        channel_num,
      </if>
      <if test="channelName != null">
        channel_name,
      </if>
      <if test="employeeNo != null">
        employee_no,
      </if>
      <if test="siteName != null">
        site_name,
      </if>
      <if test="certificateNumber != null">
        certificate_number,
      </if>
      <if test="cardId != null">
        card_id,
      </if>
      <if test="clientNo != null">
        client_no,
      </if>
      <if test="clientName != null">
        client_name,
      </if>
      <if test="clientType != null">
        client_type,
      </if>
      <if test="operationType != null">
        operation_type,
      </if>
      <if test="rechargeType != null">
        recharge_type,
      </if>
      <if test="rechargeNum != null">
        recharge_num,
      </if>
      <if test="accountBalance != null">
        account_balance,
      </if>
      <if test="paidAmount != null">
        paid_amount,
      </if>
      <if test="giftAmount != null">
        gift_amount,
      </if>
      <if test="rechargeAmount != null">
        recharge_amount,
      </if>
      <if test="amountUpper != null">
        amount_upper,
      </if>
      <if test="tradeTime != null">
        trade_time,
      </if>
      <if test="correctReason != null">
        correct_reason,
      </if>
      <if test="createBy != null">
        create_by,
      </if>
      <if test="remove != null">
        remove,
      </if>
    </trim>
    <trim prefix="values (" suffix=")" suffixOverrides=",">
      <if test="id != null">
        #{id,jdbcType=VARCHAR},
      </if>
      <if test="transId != null">
        #{transId,jdbcType=VARCHAR},
      </if>
      <if test="tradeNum != null">
        #{tradeNum,jdbcType=VARCHAR},
      </if>
      <if test="channelType != null">
        #{channelType,jdbcType=INTEGER},
      </if>
      <if test="channelNum != null">
        #{channelNum,jdbcType=VARCHAR},
      </if>
      <if test="channelName != null">
        #{channelName,jdbcType=VARCHAR},
      </if>
      <if test="employeeNo != null">
        #{employeeNo,jdbcType=VARCHAR},
      </if>
      <if test="siteName != null">
        #{siteName,jdbcType=VARCHAR},
      </if>
      <if test="certificateNumber != null">
        #{certificateNumber,jdbcType=VARCHAR},
      </if>
      <if test="cardId != null">
        #{cardId,jdbcType=VARCHAR},
      </if>
      <if test="clientNo != null">
        #{clientNo,jdbcType=VARCHAR},
      </if>
      <if test="clientName != null">
        #{clientName,jdbcType=VARCHAR},
      </if>
      <if test="clientType != null">
        #{clientType,jdbcType=INTEGER},
      </if>
      <if test="operationType != null">
        #{operationType,jdbcType=INTEGER},
      </if>
      <if test="rechargeType != null">
        #{rechargeType,jdbcType=INTEGER},
      </if>
      <if test="rechargeNum != null">
        #{rechargeNum,jdbcType=VARCHAR},
      </if>
      <if test="accountBalance != null">
        #{accountBalance,jdbcType=INTEGER},
      </if>
      <if test="paidAmount != null">
        #{paidAmount,jdbcType=INTEGER},
      </if>
      <if test="giftAmount != null">
        #{giftAmount,jdbcType=INTEGER},
      </if>
      <if test="rechargeAmount != null">
        #{rechargeAmount,jdbcType=INTEGER},
      </if>
      <if test="amountUpper != null">
        #{amountUpper,jdbcType=VARCHAR},
      </if>
      <if test="tradeTime != null">
        #{tradeTime,jdbcType=TIMESTAMP},
      </if>
      <if test="correctReason != null">
        #{correctReason,jdbcType=VARCHAR},
      </if>
      <if test="createBy != null">
        #{createBy,jdbcType=INTEGER},
      </if>
      <if test="remove != null">
        #{remove,jdbcType=INTEGER},
      </if>
    </trim>
  </insert>


  <update id="changeCard" parameterType="java.util.Map" >
    update etccardinfo
    <set >
      <if test="tradeTime != null" >
        tradeTime = #{tradeTime,jdbcType=TIMESTAMP},
      </if>
      <if test="cardStatus != null" >
        cardStatus = #{cardStatus,jdbcType=VARCHAR},
      </if>
      <if test="cardBalance != null" >
        cardBalance = #{cardBalance,jdbcType=DECIMAL},
      </if>
      <if test="cardAccountBalance != null" >
        cardAccountBalance = #{cardAccountBalance,jdbcType=DECIMAL},
      </if>
      <if test="clientNo != null" >
        clientNo = #{clientNo,jdbcType=VARCHAR},
      </if>
      <if test="cardPrice != null" >
        cardPrice = #{cardPrice,jdbcType=DECIMAL},
      </if>
      <if test="billPoSt != null" >
        billPoSt = #{billPoSt,jdbcType=VARCHAR},
      </if>
      <if test="liquidateTime != null" >
        liquidateTime = #{liquidateTime,jdbcType=TIMESTAMP},
      </if>
      <if test="liquidateNumber != null" >
        liquidateNumber = #{liquidateNumber,jdbcType=DECIMAL},
      </if>
      <if test="cardLiquidateTime != null" >
        cardLiquidateTime = #{cardLiquidateTime,jdbcType=TIMESTAMP},
      </if>
      <if test="liquidateStatus != null" >
        liquidateStatus = #{liquidateStatus,jdbcType=VARCHAR},
      </if>
      <if test="operateType != null" >
        operateType = #{operateType,jdbcType=VARCHAR},
      </if>
      <if test="stationId != null" >
        stationId = #{stationId,jdbcType=VARCHAR},
      </if>
      <if test="obuId != null" >
        obuId = #{obuId,jdbcType=VARCHAR},
      </if>
      <if test="bindStatus != null" >
        bindStatus = #{bindStatus,jdbcType=CHAR},
      </if>
      <if test="vehicleLicense != null" >
        vehicleLicense = #{vehicleLicense,jdbcType=VARCHAR},
      </if>
      <if test="payType != null" >
        payType = #{payType,jdbcType=VARCHAR},
      </if>
      <if test="favorRate != null" >
        favorRate = #{favorRate,jdbcType=VARCHAR},
      </if>
      <if test="operatorId != null" >
        operatorId = #{operatorId,jdbcType=VARCHAR},
      </if>
      <if test="verifyCode != null" >
        verifyCode = #{verifyCode,jdbcType=VARCHAR},
      </if>
      <if test="transferMark != null" >
        transferMark = #{transferMark,jdbcType=VARCHAR},
      </if>
      <if test="createBy != null" >
        createBy = #{createBy,jdbcType=VARCHAR},
      </if>
      <if test="createTime != null" >
        createTime = #{createTime,jdbcType=TIMESTAMP},
      </if>
      <if test="updateBy != null" >
        updateBy = #{updateBy,jdbcType=VARCHAR},
      </if>
      <if test="updateTime != null" >
        updateTime = #{updateTime,jdbcType=TIMESTAMP},
      </if>
      <if test="remove != null" >
        remove = #{remove,jdbcType=CHAR},
      </if>
      <if test="spare != null" >
        spare = #{spare,jdbcType=VARCHAR},
      </if>
      <if test="spare1 != null" >
        spare1 = #{spare1,jdbcType=VARCHAR},
      </if>
      <if test="spare2 != null" >
        spare2 = #{spare2,jdbcType=VARCHAR},
      </if>
      <if test="certificateNumber != null" >
        certificateNumber = #{certificateNumber,jdbcType=VARCHAR},
      </if>
      <if test="clientName != null" >
        clientName = #{clientName,jdbcType=VARCHAR},
      </if>
      <if test="signCardId != null" >
        signCardId = #{signCardId,jdbcType=VARCHAR},
      </if>
      <if test="signStatus != null" >
        signStatus = #{signStatus,jdbcType=CHAR},
      </if>
      <if test="cardType != null" >
        cardType = #{cardType,jdbcType=VARCHAR},
      </if>
      <if test="brand != null" >
        brand = #{brand,jdbcType=VARCHAR},
      </if>
      <if test="model != null" >
        model = #{model,jdbcType=VARCHAR},
      </if>
    </set>
    where  cardId = #{cardId,jdbcType=VARCHAR}
  </update>

</mapper>