<?xml version="1.0" encoding="UTF-8"?>
<!DOCTYPE mapper PUBLIC "-//mybatis.org//DTD Mapper 3.0//EN" "http://mybatis.org/dtd/mybatis-3-mapper.dtd">
<mapper namespace="com.owinfo.service.core.mapper.FrontPayBackMapper">
  <resultMap id="BaseResultMap" type="com.owinfo.object.entity.FrontPayBack">
    <id column="id" jdbcType="VARCHAR" property="id" />
    <result column="trade_num" jdbcType="VARCHAR" property="tradeNum" />
    <result column="channel_num" jdbcType="VARCHAR" property="channelNum" />
    <result column="channel_name" jdbcType="VARCHAR" property="channelName" />
    <result column="site_name" jdbcType="VARCHAR" property="siteName" />
    <result column="acquirer_no" jdbcType="VARCHAR" property="acquirerNo" />
    <result column="certificate_number" jdbcType="VARCHAR" property="certificateNumber" />
    <result column="client_no" jdbcType="VARCHAR" property="clientNo" />
    <result column="client_name" jdbcType="VARCHAR" property="clientName" />
    <result column="card_id" jdbcType="VARCHAR" property="cardId" />
    <result column="vehicle_license" jdbcType="VARCHAR" property="vehicleLicense" />
    <result column="vehicle_type" jdbcType="VARCHAR" property="vehicleType" />
    <result column="pay_money" jdbcType="INTEGER" property="payMoney" />
    <result column="pay_reason" jdbcType="VARCHAR" property="payReason" />
    <result column="paid_money" jdbcType="INTEGER" property="paidMoney" />
    <result column="pay_time" jdbcType="TIMESTAMP" property="payTime" />
    <result column="pay_status" jdbcType="INTEGER" property="payStatus" />
    <result column="pay_type" jdbcType="INTEGER" property="payType" />
    <result column="pay_num" jdbcType="VARCHAR" property="payNum" />
    <result column="create_by" jdbcType="VARCHAR" property="createBy" />
    <result column="create_time" jdbcType="TIMESTAMP" property="createTime" />
    <result column="update_by" jdbcType="VARCHAR" property="updateBy" />
    <result column="update_time" jdbcType="TIMESTAMP" property="updateTime" />
    <result column="remove" jdbcType="INTEGER" property="remove" />
  </resultMap>
  <sql id="Base_Column_List">
    id, trade_num, channel_num, channel_name, site_name, acquirer_no, certificate_number, 
    client_no, client_name, card_id, vehicle_license, vehicle_type, pay_money, pay_reason, 
    paid_money, pay_time, pay_status, pay_type, pay_num, create_by, create_time, update_by, 
    update_time, remove
  </sql>
  <select id="selectByPrimaryKey" parameterType="java.lang.String" resultMap="BaseResultMap">
    select 
    <include refid="Base_Column_List" />
    from front_pay_back
    where id = #{id,jdbcType=VARCHAR}
  </select>

  <select id="getPayBackList" resultMap="BaseResultMap">
    SELECT
    <include refid="Base_Column_List"></include>
    FROM front_pay_back
    <where>
      <trim prefixOverrides="and" suffixOverrides="and">
        <if test="cardId != null and cardId != ''">
          card_id like CONCAT('%',#{cardId},'%') and
        </if>
        <if test="certificateNumber != null and certificateNumber != ''">
          certificate_number like CONCAT('%',#{certificateNumber},'%')  and
        </if>
        <if test="payStatus != null and payStatus != ''">
          pay_status = #{payStatus} and
        </if>
        <if test="payBackStart != null and payBackStart != '' and payBackEnd != null and payBackEnd != ''">
          pay_time  &gt;= #{payBackStart} and pay_time &lt; DATE_ADD(#{payBackEnd},INTERVAL 1 DAY) and
        </if>
        <if test="2 > 1">
          remove = 0 and
        </if>
      </trim>
    </where>
    order by pay_status ASC
  </select>

  <!-- 只能删除待补交的记录 -->
  <delete id="deleteByPrimaryKey" parameterType="ArrayList">
    delete from front_pay_back
    where id IN
    <foreach item="id" collection="ids" open="(" close=")" separator=",">
      #{id}
    </foreach>
    and pay_status = 100 and remove = 0
  </delete>

  <insert id="insert" parameterType="com.owinfo.object.entity.FrontPayBack">
    insert into front_pay_back (id, trade_num, channel_num, 
      channel_name, site_name, acquirer_no, 
      certificate_number, client_no, client_name, 
      card_id, vehicle_license, vehicle_type, 
      pay_money, pay_reason, paid_money, 
      pay_time, pay_status, pay_type, 
      pay_num, create_by, create_time, 
      update_by, update_time, remove
      )
    values (#{id,jdbcType=VARCHAR}, #{tradeNum,jdbcType=VARCHAR}, #{channelNum,jdbcType=VARCHAR}, 
      #{channelName,jdbcType=VARCHAR}, #{siteName,jdbcType=VARCHAR}, #{acquirerNo,jdbcType=VARCHAR}, 
      #{certificateNumber,jdbcType=VARCHAR}, #{clientNo,jdbcType=VARCHAR}, #{clientName,jdbcType=VARCHAR}, 
      #{cardId,jdbcType=VARCHAR}, #{vehicleLicense,jdbcType=VARCHAR}, #{vehicleType,jdbcType=VARCHAR}, 
      #{payMoney,jdbcType=INTEGER}, #{payReason,jdbcType=VARCHAR}, #{paidMoney,jdbcType=INTEGER}, 
      #{payTime,jdbcType=TIMESTAMP}, #{payStatus,jdbcType=INTEGER}, #{payType,jdbcType=INTEGER}, 
      #{payNum,jdbcType=VARCHAR}, #{createBy,jdbcType=VARCHAR}, #{createTime,jdbcType=TIMESTAMP}, 
      #{updateBy,jdbcType=VARCHAR}, #{updateTime,jdbcType=TIMESTAMP}, #{remove,jdbcType=INTEGER}
      )
  </insert>
  <insert id="insertSelective" parameterType="com.owinfo.object.entity.FrontPayBack">
    insert into front_pay_back
    <trim prefix="(" suffix=")" suffixOverrides=",">
      <if test="id != null">
        id,
      </if>
      <if test="tradeNum != null">
        trade_num,
      </if>
      <if test="channelNum != null">
        channel_num,
      </if>
      <if test="channelName != null">
        channel_name,
      </if>
      <if test="siteName != null">
        site_name,
      </if>
      <if test="acquirerNo != null">
        acquirer_no,
      </if>
      <if test="certificateNumber != null">
        certificate_number,
      </if>
      <if test="clientNo != null">
        client_no,
      </if>
      <if test="clientName != null">
        client_name,
      </if>
      <if test="cardId != null">
        card_id,
      </if>
      <if test="vehicleLicense != null">
        vehicle_license,
      </if>
      <if test="vehicleType != null">
        vehicle_type,
      </if>
      <if test="payMoney != null">
        pay_money,
      </if>
      <if test="payReason != null">
        pay_reason,
      </if>
      <if test="paidMoney != null">
        paid_money,
      </if>
      <if test="payTime != null">
        pay_time,
      </if>
      <if test="payStatus != null">
        pay_status,
      </if>
      <if test="payType != null">
        pay_type,
      </if>
      <if test="payNum != null">
        pay_num,
      </if>
      <if test="createBy != null">
        create_by,
      </if>
      <if test="createTime != null">
        create_time,
      </if>
      <if test="updateBy != null">
        update_by,
      </if>
      <if test="updateTime != null">
        update_time,
      </if>
      <if test="remove != null">
        remove,
      </if>
    </trim>
    <trim prefix="values (" suffix=")" suffixOverrides=",">
      <if test="id != null">
        #{id,jdbcType=VARCHAR},
      </if>
      <if test="tradeNum != null">
        #{tradeNum,jdbcType=VARCHAR},
      </if>
      <if test="channelNum != null">
        #{channelNum,jdbcType=VARCHAR},
      </if>
      <if test="channelName != null">
        #{channelName,jdbcType=VARCHAR},
      </if>
      <if test="siteName != null">
        #{siteName,jdbcType=VARCHAR},
      </if>
      <if test="acquirerNo != null">
        #{acquirerNo,jdbcType=VARCHAR},
      </if>
      <if test="certificateNumber != null">
        #{certificateNumber,jdbcType=VARCHAR},
      </if>
      <if test="clientNo != null">
        #{clientNo,jdbcType=VARCHAR},
      </if>
      <if test="clientName != null">
        #{clientName,jdbcType=VARCHAR},
      </if>
      <if test="cardId != null">
        #{cardId,jdbcType=VARCHAR},
      </if>
      <if test="vehicleLicense != null">
        #{vehicleLicense,jdbcType=VARCHAR},
      </if>
      <if test="vehicleType != null">
        #{vehicleType,jdbcType=VARCHAR},
      </if>
      <if test="payMoney != null">
        #{payMoney,jdbcType=INTEGER},
      </if>
      <if test="payReason != null">
        #{payReason,jdbcType=VARCHAR},
      </if>
      <if test="paidMoney != null">
        #{paidMoney,jdbcType=INTEGER},
      </if>
      <if test="payTime != null">
        #{payTime,jdbcType=TIMESTAMP},
      </if>
      <if test="payStatus != null">
        #{payStatus,jdbcType=INTEGER},
      </if>
      <if test="payType != null">
        #{payType,jdbcType=INTEGER},
      </if>
      <if test="payNum != null">
        #{payNum,jdbcType=VARCHAR},
      </if>
      <if test="createBy != null">
        #{createBy,jdbcType=VARCHAR},
      </if>
      <if test="createTime != null">
        #{createTime,jdbcType=TIMESTAMP},
      </if>
      <if test="updateBy != null">
        #{updateBy,jdbcType=VARCHAR},
      </if>
      <if test="updateTime != null">
        #{updateTime,jdbcType=TIMESTAMP},
      </if>
      <if test="remove != null">
        #{remove,jdbcType=INTEGER},
      </if>
    </trim>
  </insert>
  <update id="updateByPrimaryKeySelective" parameterType="com.owinfo.object.entity.FrontPayBack">
    update front_pay_back
    <set>
      <if test="tradeNum != null">
        trade_num = #{tradeNum,jdbcType=VARCHAR},
      </if>
      <if test="channelNum != null">
        channel_num = #{channelNum,jdbcType=VARCHAR},
      </if>
      <if test="channelName != null">
        channel_name = #{channelName,jdbcType=VARCHAR},
      </if>
      <if test="siteName != null">
        site_name = #{siteName,jdbcType=VARCHAR},
      </if>
      <if test="acquirerNo != null">
        acquirer_no = #{acquirerNo,jdbcType=VARCHAR},
      </if>
      <if test="certificateNumber != null">
        certificate_number = #{certificateNumber,jdbcType=VARCHAR},
      </if>
      <if test="clientNo != null">
        client_no = #{clientNo,jdbcType=VARCHAR},
      </if>
      <if test="clientName != null">
        client_name = #{clientName,jdbcType=VARCHAR},
      </if>
      <if test="cardId != null">
        card_id = #{cardId,jdbcType=VARCHAR},
      </if>
      <if test="vehicleLicense != null">
        vehicle_license = #{vehicleLicense,jdbcType=VARCHAR},
      </if>
      <if test="vehicleType != null">
        vehicle_type = #{vehicleType,jdbcType=VARCHAR},
      </if>
      <if test="payMoney != null">
        pay_money = #{payMoney,jdbcType=INTEGER},
      </if>
      <if test="payReason != null">
        pay_reason = #{payReason,jdbcType=VARCHAR},
      </if>
      <if test="paidMoney != null">
        paid_money = #{paidMoney,jdbcType=INTEGER},
      </if>
      <if test="payTime != null">
        pay_time = #{payTime,jdbcType=TIMESTAMP},
      </if>
      <if test="payStatus != null">
        pay_status = #{payStatus,jdbcType=INTEGER},
      </if>
      <if test="payType != null">
        pay_type = #{payType,jdbcType=INTEGER},
      </if>
      <if test="payNum != null">
        pay_num = #{payNum,jdbcType=VARCHAR},
      </if>
      <if test="createBy != null">
        create_by = #{createBy,jdbcType=VARCHAR},
      </if>
      <if test="createTime != null">
        create_time = #{createTime,jdbcType=TIMESTAMP},
      </if>
      <if test="updateBy != null">
        update_by = #{updateBy,jdbcType=VARCHAR},
      </if>
      <if test="updateTime != null">
        update_time = #{updateTime,jdbcType=TIMESTAMP},
      </if>
      <if test="remove != null">
        remove = #{remove,jdbcType=INTEGER},
      </if>
    </set>
    where id = #{id,jdbcType=VARCHAR}
  </update>
  <update id="updateByPrimaryKey" parameterType="com.owinfo.object.entity.FrontPayBack">
    update front_pay_back
    set trade_num = #{tradeNum,jdbcType=VARCHAR},
      channel_num = #{channelNum,jdbcType=VARCHAR},
      channel_name = #{channelName,jdbcType=VARCHAR},
      site_name = #{siteName,jdbcType=VARCHAR},
      acquirer_no = #{acquirerNo,jdbcType=VARCHAR},
      certificate_number = #{certificateNumber,jdbcType=VARCHAR},
      client_no = #{clientNo,jdbcType=VARCHAR},
      client_name = #{clientName,jdbcType=VARCHAR},
      card_id = #{cardId,jdbcType=VARCHAR},
      vehicle_license = #{vehicleLicense,jdbcType=VARCHAR},
      vehicle_type = #{vehicleType,jdbcType=VARCHAR},
      pay_money = #{payMoney,jdbcType=INTEGER},
      pay_reason = #{payReason,jdbcType=VARCHAR},
      paid_money = #{paidMoney,jdbcType=INTEGER},
      pay_time = #{payTime,jdbcType=TIMESTAMP},
      pay_status = #{payStatus,jdbcType=INTEGER},
      pay_type = #{payType,jdbcType=INTEGER},
      pay_num = #{payNum,jdbcType=VARCHAR},
      create_by = #{createBy,jdbcType=VARCHAR},
      create_time = #{createTime,jdbcType=TIMESTAMP},
      update_by = #{updateBy,jdbcType=VARCHAR},
      update_time = #{updateTime,jdbcType=TIMESTAMP},
      remove = #{remove,jdbcType=INTEGER}
    where id = #{id,jdbcType=VARCHAR}
  </update>

  <update id="updatePayBackStatus">
    UPDATE front_pay_back
      <trim prefix="set" suffixOverrides=",">
        <if test="2 > 1">
          pay_status = 101,
        </if>
        <if test="tradeNum != null and tradeNum != ''">
           trade_num = #{tradeNum},
        </if>
        <if test="channelNum != null and channelNum != ''">
           channel_num = #{channelNum},
        </if>
        <if test="channelName != null and channelName != ''">
           channel_name = #{channelName},
        </if>
        <if test="siteName != null and siteName != ''">
           site_name = #{siteName},
        </if>
        <if test="acquirerNo != null and acquirerNo != ''">
           acquirer_no = #{acquirerNo},
        </if>
        <if test="paidMoney != null and paidMoney != ''">
           paid_money = #{paidMoney},
        </if>
        <if test="payTime != null and payTime != ''">
           pay_time = #{payTime},
        </if>
        <if test="updateBy != null and updateBy != ''">
           update_by = #{updateBy},
        </if>
        <if test="updateTime != null and updateTime != ''">
           update_time = #{updateTime},
        </if>
        <if test="payNum != null and payNum != ''">
           pay_num = #{payNum},
        </if>
      </trim>
    where id = #{id} and remove = 0
  </update>

</mapper>