<?xml version="1.0" encoding="UTF-8"?>
<!DOCTYPE mapper PUBLIC "-//mybatis.org//DTD Mapper 3.0//EN" "http://mybatis.org/dtd/mybatis-3-mapper.dtd">
<mapper namespace="com.owinfo.service.core.mapper.MapAgencyMapper">
  <resultMap id="BaseResultMap" type="com.owinfo.object.entity.MapAgency">
    <result column="ID" jdbcType="VARCHAR" property="id" />
    <result column="ISSUER_ID" jdbcType="VARCHAR" property="issuerId" />
    <result column="ORIG_ID" jdbcType="VARCHAR" property="origId" />
    <result column="NAME" jdbcType="VARCHAR" property="name" />
    <result column="CONTACT" jdbcType="VARCHAR" property="contact" />
    <result column="TEL" jdbcType="VARCHAR" property="tel" />
    <result column="START_TIME" jdbcType="TIMESTAMP" property="startTime" />
    <result column="END_TIME" jdbcType="TIMESTAMP" property="endTime" />
    <result column="CREATE_TIME" jdbcType="TIMESTAMP" property="createTime" />
    <result column="AGENCY_TYPE" jdbcType="VARCHAR" property="agencyType" />
  </resultMap>
  <insert id="insert" parameterType="com.owinfo.object.entity.MapAgency">
    insert into map_agency (ID, ISSUER_ID, ORIG_ID, 
      NAME, CONTACT, TEL, 
      START_TIME, END_TIME, CREATE_TIME, 
      AGENCY_TYPE)
    values (#{id,jdbcType=VARCHAR}, #{issuerId,jdbcType=VARCHAR}, #{origId,jdbcType=VARCHAR}, 
      #{name,jdbcType=VARCHAR}, #{contact,jdbcType=VARCHAR}, #{tel,jdbcType=VARCHAR}, 
      #{startTime,jdbcType=TIMESTAMP}, #{endTime,jdbcType=TIMESTAMP}, #{createTime,jdbcType=TIMESTAMP}, 
      #{agencyType,jdbcType=VARCHAR})
  </insert>
  <insert id="insertSelective" parameterType="com.owinfo.object.entity.MapAgency">
    insert into map_agency
    <trim prefix="(" suffix=")" suffixOverrides=",">
      <if test="id != null">
        ID,
      </if>
      <if test="issuerId != null">
        ISSUER_ID,
      </if>
      <if test="origId != null">
        ORIG_ID,
      </if>
      <if test="name != null">
        NAME,
      </if>
      <if test="contact != null">
        CONTACT,
      </if>
      <if test="tel != null">
        TEL,
      </if>
      <if test="startTime != null">
        START_TIME,
      </if>
      <if test="endTime != null">
        END_TIME,
      </if>
      <if test="createTime != null">
        CREATE_TIME,
      </if>
      <if test="agencyType != null">
        AGENCY_TYPE,
      </if>
    </trim>
    <trim prefix="values (" suffix=")" suffixOverrides=",">
      <if test="id != null">
        #{id,jdbcType=VARCHAR},
      </if>
      <if test="issuerId != null">
        #{issuerId,jdbcType=VARCHAR},
      </if>
      <if test="origId != null">
        #{origId,jdbcType=VARCHAR},
      </if>
      <if test="name != null">
        #{name,jdbcType=VARCHAR},
      </if>
      <if test="contact != null">
        #{contact,jdbcType=VARCHAR},
      </if>
      <if test="tel != null">
        #{tel,jdbcType=VARCHAR},
      </if>
      <if test="startTime != null">
        #{startTime,jdbcType=TIMESTAMP},
      </if>
      <if test="endTime != null">
        #{endTime,jdbcType=TIMESTAMP},
      </if>
      <if test="createTime != null">
        #{createTime,jdbcType=TIMESTAMP},
      </if>
      <if test="agencyType != null">
        #{agencyType,jdbcType=VARCHAR},
      </if>
    </trim>
  </insert>
</mapper>