<?xml version="1.0" encoding="UTF-8"?>
<!DOCTYPE mapper PUBLIC "-//mybatis.org//DTD Mapper 3.0//EN" "http://mybatis.org/dtd/mybatis-3-mapper.dtd">
<mapper namespace="com.owinfo.service.core.mapper.MapOnlineMapper">
  <resultMap id="BaseResultMap" type="com.owinfo.object.entity.MapOnline">
    <id column="ID" jdbcType="VARCHAR" property="id" />
    <result column="ORIG_ID" jdbcType="VARCHAR" property="origId" />
    <result column="NAME" jdbcType="VARCHAR" property="name" />
    <result column="SERVICE_ITEMS" jdbcType="VARCHAR" property="serviceItems" />
    <result column="START_TIME" jdbcType="DATE" property="startTime" />
    <result column="END_TIME" jdbcType="DATE" property="endTime" />
    <result column="CREATE_TIME" jdbcType="TIMESTAMP" property="createTime" />
  </resultMap>
  <sql id="Base_Column_List">
    ID, ORIG_ID, NAME, SERVICE_ITEMS, START_TIME, END_TIME, CREATE_TIME
  </sql>
  <select id="selectByPrimaryKey" parameterType="java.lang.String" resultMap="BaseResultMap">
    select 
    <include refid="Base_Column_List" />
    from map_online
    where ID = #{id,jdbcType=VARCHAR}
  </select>
  <delete id="deleteByPrimaryKey" parameterType="java.lang.String">
    delete from map_online
    where ID = #{id,jdbcType=VARCHAR}
  </delete>
  <insert id="insert" parameterType="com.owinfo.object.entity.MapOnline">
    insert into map_online (ID, ORIG_ID, NAME, 
      SERVICE_ITEMS, START_TIME, END_TIME, 
      CREATE_TIME)
    values (#{id,jdbcType=VARCHAR}, #{origId,jdbcType=VARCHAR}, #{name,jdbcType=VARCHAR}, 
      #{serviceItems,jdbcType=VARCHAR}, #{startTime,jdbcType=DATE}, #{endTime,jdbcType=DATE}, 
      #{createTime,jdbcType=TIMESTAMP})
  </insert>
  <insert id="insertSelective" parameterType="com.owinfo.object.entity.MapOnline">
    insert into map_online
    <trim prefix="(" suffix=")" suffixOverrides=",">
      <if test="id != null">
        ID,
      </if>
      <if test="origId != null">
        ORIG_ID,
      </if>
      <if test="name != null">
        NAME,
      </if>
      <if test="serviceItems != null">
        SERVICE_ITEMS,
      </if>
      <if test="startTime != null">
        START_TIME,
      </if>
      <if test="endTime != null">
        END_TIME,
      </if>
      <if test="createTime != null">
        CREATE_TIME,
      </if>
    </trim>
    <trim prefix="values (" suffix=")" suffixOverrides=",">
      <if test="id != null">
        #{id,jdbcType=VARCHAR},
      </if>
      <if test="origId != null">
        #{origId,jdbcType=VARCHAR},
      </if>
      <if test="name != null">
        #{name,jdbcType=VARCHAR},
      </if>
      <if test="serviceItems != null">
        #{serviceItems,jdbcType=VARCHAR},
      </if>
      <if test="startTime != null">
        #{startTime,jdbcType=DATE},
      </if>
      <if test="endTime != null">
        #{endTime,jdbcType=DATE},
      </if>
      <if test="createTime != null">
        #{createTime,jdbcType=TIMESTAMP},
      </if>
    </trim>
  </insert>
  <update id="updateByPrimaryKeySelective" parameterType="com.owinfo.object.entity.MapOnline">
    update map_online
    <set>
      <if test="origId != null">
        ORIG_ID = #{origId,jdbcType=VARCHAR},
      </if>
      <if test="name != null">
        NAME = #{name,jdbcType=VARCHAR},
      </if>
      <if test="serviceItems != null">
        SERVICE_ITEMS = #{serviceItems,jdbcType=VARCHAR},
      </if>
      <if test="startTime != null">
        START_TIME = #{startTime,jdbcType=DATE},
      </if>
      <if test="endTime != null">
        END_TIME = #{endTime,jdbcType=DATE},
      </if>
      <if test="createTime != null">
        CREATE_TIME = #{createTime,jdbcType=TIMESTAMP},
      </if>
    </set>
    where ID = #{id,jdbcType=VARCHAR}
  </update>
  <update id="updateByPrimaryKey" parameterType="com.owinfo.object.entity.MapOnline">
    update map_online
    set ORIG_ID = #{origId,jdbcType=VARCHAR},
      NAME = #{name,jdbcType=VARCHAR},
      SERVICE_ITEMS = #{serviceItems,jdbcType=VARCHAR},
      START_TIME = #{startTime,jdbcType=DATE},
      END_TIME = #{endTime,jdbcType=DATE},
      CREATE_TIME = #{createTime,jdbcType=TIMESTAMP}
    where ID = #{id,jdbcType=VARCHAR}
  </update>
</mapper>