<?xml version="1.0" encoding="UTF-8" ?>
<!DOCTYPE mapper PUBLIC "-//mybatis.org//DTD Mapper 3.0//EN" "http://mybatis.org/dtd/mybatis-3-mapper.dtd" >
<mapper namespace="com.owinfo.service.core.mapper.OrderManageMapper" >
  <resultMap id="BaseResultMap" type="com.owinfo.object.entity.OrderManage" >
    <id column="id" property="id" jdbcType="VARCHAR" />
    <result column="orderNo" property="orderNo" jdbcType="VARCHAR" />
    <result column="orderChannel" property="orderChannel" jdbcType="INTEGER" />
    <result column="customerName" property="customerName" jdbcType="VARCHAR" />
    <result column="orderType" property="orderType" jdbcType="VARCHAR" />
    <result column="realMoney" property="realMoney" jdbcType="INTEGER" />
    <result column="rechargeMoney" property="rechargeMoney" jdbcType="INTEGER" />
    <result column="surplusRechargeMoney" property="surplusRechargeMoney" jdbcType="INTEGER" />
    <result column="oilAmount" property="oilAmount" jdbcType="INTEGER" />
    <result column="sufOilAmount" property="sufOilAmount" jdbcType="INTEGER" />
    <result column="obuName" property="obuName" jdbcType="VARCHAR" />
    <result column="obuUnitPrice" property="obuUnitPrice" jdbcType="INTEGER" />
    <result column="obuNum" property="obuNum" jdbcType="INTEGER" />
    <result column="sufObuNum" property="sufObuNum" jdbcType="INTEGER" />
    <result column="treasureName" property="treasureName" jdbcType="VARCHAR" />
    <result column="treasureUnitPrice" property="treasureUnitPrice" jdbcType="INTEGER" />
    <result column="treasureNum" property="treasureNum" jdbcType="INTEGER" />
    <result column="sufTreasureNum" property="sufTreasureNum" jdbcType="INTEGER" />
    <result column="saleStatus" property="saleStatus" jdbcType="INTEGER" />
    <result column="inputPerson" property="inputPerson" jdbcType="VARCHAR" />
    <result column="inputTime" property="inputTime" jdbcType="TIMESTAMP" />
    <result column="remove" property="remove" jdbcType="CHAR" />
    <result column="updateBy" property="updateBy" jdbcType="VARCHAR" />
    <result column="updateTime" property="updateTime" jdbcType="TIMESTAMP" />
    <result column="spare1" property="spare1" jdbcType="VARCHAR" />
    <result column="spare2" property="spare2" jdbcType="VARCHAR" />
    <result column="spare3" property="spare3" jdbcType="VARCHAR" />
  </resultMap>

  <sql id="Base_Column_List" >
    id, orderNo, orderChannel, customerName, orderType, realMoney, rechargeMoney, surplusRechargeMoney,
    oilAmount, sufOilAmount, obuName, obuUnitPrice, obuNum, sufObuNum, treasureName,
    treasureUnitPrice, treasureNum, sufTreasureNum, saleStatus, inputPerson, inputTime,
    remove, updateBy, updateTime, spare1, spare2, spare3
  </sql>

  <select id="selectByPrimaryKey" resultMap="BaseResultMap" parameterType="java.lang.String" >
    select 
    <include refid="Base_Column_List" />
    from ordermanage
    where id = #{id,jdbcType=VARCHAR}
  </select>

    <select id="selectOrderList" resultType="com.owinfo.object.entity.OrderManage">
        SELECT
        <include refid="Base_Column_List"></include>
        FROM ordermanage
        <where>
            <trim prefixOverrides="and|or">
                <if test="validateStart != null and validateStart != '' and validateEnd != null and validateEnd != ''">
                    AND inputTime  &gt;= #{validateStart} AND inputTime &lt; DATE_ADD(#{validateEnd},INTERVAL 1 DAY)
                </if>
                <if test="inputStart != null and inputStart != '' and inputEnd != null and inputEnd != ''">
                    AND inputTime  &gt;= #{inputStart} AND inputTime &lt; DATE_ADD(#{inputEnd},INTERVAL 1 DAY)
                </if>
                <if test="orderChannel != null and orderChannel != ''">
                    AND orderChannel = #{orderChannel}
                </if>
                <if test="saleStatus != null and saleStatus != ''">
                    AND saleStatus = #{saleStatus}
                </if>
                <if test="orderTypes != null">
                    <foreach item="orderType" collection="orderTypes"   separator=" ">
                      AND orderType regexp CONCAT('(^',#{orderType},'$)|','(^',#{orderType},',)|(,',#{orderType},')|(,',#{orderType},',)')
                    </foreach>
                </if>
                <!--<if test="orderType != null and orderType != ''">-->
                    <!--AND orderType = #{orderType}-->
                <!--</if>-->
                <if test="orderNo != null and orderNo != ''">
                    AND orderNo LIKE CONCAT('%', '${orderNo}', '%')
                </if>
                <if test="customerName != null and customerName != ''">
                  AND customerName LIKE CONCAT('%', '${customerName}', '%')
                </if>
                <if test="id != null and id != ''">
                  AND id = #{id}
                </if>
                <if test="1 == 1">
                    AND remove = '0'
                </if>
            </trim>
        </where>
        order by inputTime desc
    </select>

    <select id="validateOrder" resultType="com.owinfo.object.entity.OrderManage">
        SELECT
        <include refid="Base_Column_List"></include>
        FROM ordermanage
        WHERE orderNo = #{orderNo} and remove = '0'
    </select>

    <select id="getOrderManage" resultType="com.owinfo.object.entity.OrderManage">
        SELECT
          <include refid="Base_Column_List"></include>
        FROM ordermanage
        WHERE id = #{id} and remove = '0'
    </select>

  <select id="getOrderDetail" resultType="com.owinfo.object.entity.OrderManage">
    SELECT
    <include refid="Base_Column_List"></include>
    FROM ordermanage
    WHERE orderNo = #{orderNo} and remove = '0'
  </select>

  <delete id="deleteByPrimaryKey" parameterType="java.lang.String" >
    delete from ordermanage
    where id = #{id,jdbcType=VARCHAR}
  </delete>

  <delete id="deleteByOrderNos" parameterType="ArrayList">
    UPDATE  ordermanage
      SET remove = '1'
        where id IN
        <foreach item="id" collection="orderNos" open="(" close=")" separator=",">
            #{id}
        </foreach>
    </delete>

    <insert id="insert" parameterType="com.owinfo.object.entity.OrderManage" >
    insert into ordermanage (id, orderNo, orderType, 
      orderChannel, customerNmae, realMoney, 
      rechargeMoney, surplusRechargeMoney, deviceName, 
      deviceNum, surplusDevice, saleStatus, 
      inputPerson, inputTime, remove, 
      createBy, updateBy, createTime, 
      updateTime, spare1, spare2, 
      spare3)
    values (#{id,jdbcType=VARCHAR}, #{orderNo,jdbcType=VARCHAR}, #{orderType,jdbcType=VARCHAR}, 
      #{orderChannel,jdbcType=VARCHAR}, #{customerNmae,jdbcType=VARCHAR}, #{realMoney,jdbcType=DECIMAL}, 
      #{rechargeMoney,jdbcType=DECIMAL}, #{surplusRechargeMoney,jdbcType=DECIMAL}, #{deviceName,jdbcType=VARCHAR}, 
      #{deviceNum,jdbcType=INTEGER}, #{surplusDevice,jdbcType=INTEGER}, #{saleStatus,jdbcType=VARCHAR}, 
      #{inputPerson,jdbcType=VARCHAR}, #{inputTime,jdbcType=TIMESTAMP}, #{remove,jdbcType=CHAR}, 
      #{createBy,jdbcType=VARCHAR}, #{updateBy,jdbcType=VARCHAR}, #{createTime,jdbcType=TIMESTAMP}, 
      #{updateTime,jdbcType=TIMESTAMP}, #{spare1,jdbcType=VARCHAR}, #{spare2,jdbcType=VARCHAR}, 
      #{spare3,jdbcType=VARCHAR})
  </insert>

  <insert id="insertSelective" parameterType="com.owinfo.object.entity.OrderManage" >
    insert into ordermanage
    <trim prefix="(" suffix=")" suffixOverrides="," >
      <if test="id != null" >
        id,
      </if>
      <if test="orderNo != null" >
        orderNo,
      </if>
      <if test="orderChannel != null" >
        orderChannel,
      </if>
      <if test="customerName != null" >
        customerName,
      </if>
      <if test="orderType != null" >
        orderType,
      </if>
      <if test="realMoney != null" >
        realMoney,
      </if>
      <if test="rechargeMoney != null" >
        rechargeMoney,
      </if>
      <if test="surplusRechargeMoney != null" >
        surplusRechargeMoney,
      </if>
      <if test="oilAmount != null" >
        oilAmount,
      </if>
      <if test="sufOilAmount != null" >
        sufOilAmount,
      </if>
      <if test="obuName != null" >
        obuName,
      </if>
      <if test="obuUnitPrice != null" >
        obuUnitPrice,
      </if>
      <if test="obuNum != null" >
        obuNum,
      </if>
      <if test="sufObuNum != null" >
        sufObuNum,
      </if>
      <if test="treasureName != null" >
        treasureName,
      </if>
      <if test="treasureUnitPrice != null" >
        treasureUnitPrice,
      </if>
      <if test="treasureNum != null" >
        treasureNum,
      </if>
      <if test="sufTreasureNum != null" >
        sufTreasureNum,
      </if>
      <if test="saleStatus != null" >
        saleStatus,
      </if>
      <if test="inputPerson != null" >
        inputPerson,
      </if>
      <if test="inputTime != null" >
        inputTime,
      </if>
      <if test="remove != null" >
        remove,
      </if>
      <if test="updateBy != null" >
        updateBy,
      </if>
      <if test="updateTime != null" >
        updateTime,
      </if>
      <if test="spare1 != null" >
        spare1,
      </if>
      <if test="spare2 != null" >
        spare2,
      </if>
      <if test="spare3 != null" >
        spare3,
      </if>
    </trim>
    <trim prefix="values (" suffix=")" suffixOverrides="," >
      <if test="id != null" >
        #{id,jdbcType=VARCHAR},
      </if>
      <if test="orderNo != null" >
        #{orderNo,jdbcType=VARCHAR},
      </if>
      <if test="orderChannel != null" >
        #{orderChannel,jdbcType=INTEGER},
      </if>
      <if test="customerName != null" >
        #{customerName,jdbcType=VARCHAR},
      </if>
      <if test="orderType != null" >
        #{orderType,jdbcType=VARCHAR},
      </if>
      <if test="realMoney != null" >
        #{realMoney,jdbcType=INTEGER},
      </if>
      <if test="rechargeMoney != null" >
        #{rechargeMoney,jdbcType=INTEGER},
      </if>
      <if test="surplusRechargeMoney != null" >
        #{surplusRechargeMoney,jdbcType=INTEGER},
      </if>
      <if test="oilAmount != null" >
        #{oilAmount,jdbcType=INTEGER},
      </if>
      <if test="sufOilAmount != null" >
        #{sufOilAmount,jdbcType=INTEGER},
      </if>
      <if test="obuName != null" >
        #{obuName,jdbcType=VARCHAR},
      </if>
      <if test="obuUnitPrice != null" >
        #{obuUnitPrice,jdbcType=INTEGER},
      </if>
      <if test="obuNum != null" >
        #{obuNum,jdbcType=INTEGER},
      </if>
      <if test="sufObuNum != null" >
        #{sufObuNum,jdbcType=INTEGER},
      </if>
      <if test="treasureName != null" >
        #{treasureName,jdbcType=VARCHAR},
      </if>
      <if test="treasureUnitPrice != null" >
        #{treasureUnitPrice,jdbcType=INTEGER},
      </if>
      <if test="treasureNum != null" >
        #{treasureNum,jdbcType=INTEGER},
      </if>
      <if test="sufTreasureNum != null" >
        #{sufTreasureNum,jdbcType=INTEGER},
      </if>
      <if test="saleStatus != null" >
        #{saleStatus,jdbcType=INTEGER},
      </if>
      <if test="inputPerson != null" >
        #{inputPerson,jdbcType=VARCHAR},
      </if>
      <if test="inputTime != null" >
        #{inputTime,jdbcType=TIMESTAMP},
      </if>
      <if test="remove != null" >
        #{remove,jdbcType=CHAR},
      </if>
      <if test="updateBy != null" >
        #{updateBy,jdbcType=VARCHAR},
      </if>
      <if test="updateTime != null" >
        #{updateTime,jdbcType=TIMESTAMP},
      </if>
      <if test="spare1 != null" >
        #{spare1,jdbcType=VARCHAR},
      </if>
      <if test="spare2 != null" >
        #{spare2,jdbcType=VARCHAR},
      </if>
      <if test="spare3 != null" >
        #{spare3,jdbcType=VARCHAR},
      </if>
    </trim>
  </insert>

  <update id="updateByOrderNoSelective" parameterType="com.owinfo.object.entity.OrderManage" >
    update ordermanage
    <set >
      <if test="orderNo != null" >
        orderNo = #{orderNo,jdbcType=VARCHAR},
      </if>
      <if test="orderChannel != null" >
        orderChannel = #{orderChannel,jdbcType=INTEGER},
      </if>
      <if test="customerName != null" >
        customerName = #{customerName,jdbcType=VARCHAR},
      </if>
      <if test="orderType != null" >
        orderType = #{orderType,jdbcType=VARCHAR},
      </if>
      <if test="realMoney != null" >
        realMoney = #{realMoney,jdbcType=INTEGER},
      </if>
      <if test="rechargeMoney != null" >
        rechargeMoney = #{rechargeMoney,jdbcType=INTEGER},
      </if>
      <if test="surplusRechargeMoney != null" >
        surplusRechargeMoney = #{surplusRechargeMoney,jdbcType=INTEGER},
      </if>
      <if test="oilAmount != null" >
        oilAmount = #{oilAmount,jdbcType=INTEGER},
      </if>
      <if test="sufOilAmount != null" >
        sufOilAmount = #{sufOilAmount,jdbcType=INTEGER},
      </if>
      <if test="obuName != null" >
        obuName = #{obuName,jdbcType=VARCHAR},
      </if>
      <if test="obuUnitPrice != null" >
        obuUnitPrice = #{obuUnitPrice,jdbcType=INTEGER},
      </if>
      <if test="obuNum != null" >
        obuNum = #{obuNum,jdbcType=INTEGER},
      </if>
      <if test="sufObuNum != null" >
        sufObuNum = #{sufObuNum,jdbcType=INTEGER},
      </if>
      <if test="treasureName != null" >
        treasureName = #{treasureName,jdbcType=VARCHAR},
      </if>
      <if test="treasureUnitPrice != null" >
        treasureUnitPrice = #{treasureUnitPrice,jdbcType=INTEGER},
      </if>
      <if test="treasureNum != null" >
        treasureNum = #{treasureNum,jdbcType=INTEGER},
      </if>
      <if test="sufTreasureNum != null" >
        sufTreasureNum = #{sufTreasureNum,jdbcType=INTEGER},
      </if>
      <if test="saleStatus != null" >
        saleStatus = #{saleStatus,jdbcType=INTEGER},
      </if>
      <if test="inputPerson != null" >
        inputPerson = #{inputPerson,jdbcType=VARCHAR},
      </if>
      <if test="inputTime != null" >
        inputTime = #{inputTime,jdbcType=TIMESTAMP},
      </if>
      <if test="remove != null" >
        remove = #{remove,jdbcType=CHAR},
      </if>
      <if test="updateBy != null" >
        updateBy = #{updateBy,jdbcType=VARCHAR},
      </if>
      <if test="updateTime != null" >
        updateTime = #{updateTime,jdbcType=TIMESTAMP},
      </if>
      <if test="spare1 != null" >
        spare1 = #{spare1,jdbcType=VARCHAR},
      </if>
      <if test="spare2 != null" >
        spare2 = #{spare2,jdbcType=VARCHAR},
      </if>
      <if test="spare3 != null" >
        spare3 = #{spare3,jdbcType=VARCHAR},
      </if>
    </set>
    WHERE orderNo = #{orderNo} and remove = '0'
  </update>

  <update id="updateByOrderNo" parameterType="com.owinfo.object.entity.OrderManage" >
    update ordermanage
    <set >
        orderChannel = #{orderChannel,jdbcType=INTEGER},
        customerName = #{customerName,jdbcType=VARCHAR},
        orderType = #{orderType,jdbcType=VARCHAR},
        realMoney = #{realMoney,jdbcType=INTEGER},
        rechargeMoney = #{rechargeMoney,jdbcType=INTEGER},
        surplusRechargeMoney = #{surplusRechargeMoney,jdbcType=INTEGER},
        oilAmount = #{oilAmount,jdbcType=INTEGER},
        sufOilAmount = #{sufOilAmount,jdbcType=INTEGER},
        obuName = #{obuName,jdbcType=VARCHAR},
        obuUnitPrice = #{obuUnitPrice,jdbcType=INTEGER},
        obuNum = #{obuNum,jdbcType=INTEGER},
        sufObuNum = #{sufObuNum,jdbcType=INTEGER},
        treasureName = #{treasureName,jdbcType=VARCHAR},
        treasureUnitPrice = #{treasureUnitPrice,jdbcType=INTEGER},
        treasureNum = #{treasureNum,jdbcType=INTEGER},
        sufTreasureNum = #{sufTreasureNum,jdbcType=INTEGER},
        saleStatus = #{saleStatus,jdbcType=INTEGER},
        remove = #{remove,jdbcType=CHAR},
        updateBy = #{updateBy,jdbcType=VARCHAR},
        updateTime = #{updateTime,jdbcType=TIMESTAMP},
        spare1 = #{spare1,jdbcType=VARCHAR},
        spare2 = #{spare2,jdbcType=VARCHAR},
        spare3 = #{spare3,jdbcType=VARCHAR},
    </set>
    WHERE orderNo = #{orderNo} and remove = '0'
  </update>

  <update id="updateByPrimaryKey" parameterType="com.owinfo.object.entity.OrderManage" >
    update ordermanage
    set orderNo = #{orderNo,jdbcType=VARCHAR},
      orderType = #{orderType,jdbcType=VARCHAR},
      orderChannel = #{orderChannel,jdbcType=VARCHAR},
      customerNmae = #{customerNmae,jdbcType=VARCHAR},
      realMoney = #{realMoney,jdbcType=DECIMAL},
      rechargeMoney = #{rechargeMoney,jdbcType=DECIMAL},
      surplusRechargeMoney = #{surplusRechargeMoney,jdbcType=DECIMAL},
      deviceName = #{deviceName,jdbcType=VARCHAR},
      deviceNum = #{deviceNum,jdbcType=INTEGER},
      surplusDevice = #{surplusDevice,jdbcType=INTEGER},
      saleStatus = #{saleStatus,jdbcType=VARCHAR},
      inputPerson = #{inputPerson,jdbcType=VARCHAR},
      inputTime = #{inputTime,jdbcType=TIMESTAMP},
      remove = #{remove,jdbcType=CHAR},
      createBy = #{createBy,jdbcType=VARCHAR},
      updateBy = #{updateBy,jdbcType=VARCHAR},
      createTime = #{createTime,jdbcType=TIMESTAMP},
      updateTime = #{updateTime,jdbcType=TIMESTAMP},
      spare1 = #{spare1,jdbcType=VARCHAR},
      spare2 = #{spare2,jdbcType=VARCHAR},
      spare3 = #{spare3,jdbcType=VARCHAR}
    where id = #{id,jdbcType=VARCHAR}
  </update>
  <update id="updateOrderSurplys">
      UPDATE ordermanage
    <trim prefix="set" suffixOverrides=",">
      <if test="surplusRechargeMoney != null">
        surplusRechargeMoney = #{surplusRechargeMoney},
      </if>
      <if test="sufObuNum != null">
        sufObuNum = #{sufObuNum},
      </if>
      <if test="sufTreasureNum != null">
        sufTreasureNum = #{sufTreasureNum},
      </if>
      <if test="sufOilAmount != null">
        sufOilAmount = #{sufOilAmount},
      </if>
      <if test="updateBy != null">
        updateBy = #{updateBy},
      </if>
      <if test="updateTime != null">
        updateTime = #{updateTime},
      </if>
      <if test="remove != null">
        remove = #{remove},
      </if>
      <if test=" 1 == 1">
          saleStatus = '1',
      </if>
    </trim>
      WHERE orderNo = #{orderNo} and remove = '0'
  </update>

  <update id="updateOrderSaleStatus">
    UPDATE ordermanage
    <trim prefix="set" suffixOverrides=",">
        saleStatus = #{saleStatus}
    </trim>
    WHERE orderNo = #{orderNo} and remove = '0'
  </update>

</mapper>