<?xml version="1.0" encoding="UTF-8" ?>
<!DOCTYPE mapper PUBLIC "-//mybatis.org//DTD Mapper 3.0//EN" "http://mybatis.org/dtd/mybatis-3-mapper.dtd" >
<mapper namespace="com.owinfo.service.core.mapper.TicketManageMapper" >
  <resultMap id="BaseResultMap" type="com.owinfo.object.entity.TicketManage" >
    <id column="id" property="id" jdbcType="VARCHAR" />
    <result column="ticketNo" property="ticketNo" jdbcType="VARCHAR" />
    <result column="ticketName" property="ticketName" jdbcType="VARCHAR" />
    <result column="ticketType" property="ticketType" jdbcType="VARCHAR" />
    <result column="ticketFaceValue" property="ticketFaceValue" jdbcType="INTEGER" />
    <result column="password" property="password" jdbcType="VARCHAR" />
    <result column="saleStatus" property="saleStatus" jdbcType="VARCHAR" />
    <result column="saleType" property="saleType" jdbcType="VARCHAR" />
    <result column="inputPerson" property="inputPerson" jdbcType="VARCHAR" />
    <result column="inputTime" property="inputTime" jdbcType="TIMESTAMP" />
    <result column="startPerson" property="startPerson" jdbcType="VARCHAR" />
    <result column="saleMoney" property="saleMoney" jdbcType="INTEGER" />
    <result column="startTime" property="startTime" jdbcType="TIMESTAMP" />
    <result column="recoveryPerson" property="recoveryPerson" jdbcType="VARCHAR" />
    <result column="recoveryTime" property="recoveryTime" jdbcType="TIMESTAMP" />
    <result column="remove" property="remove" jdbcType="CHAR" />
    <result column="createBy" property="createBy" jdbcType="VARCHAR" />
    <result column="updateBy" property="updateBy" jdbcType="VARCHAR" />
    <result column="createTime" property="createTime" jdbcType="TIMESTAMP" />
    <result column="updateTime" property="updateTime" jdbcType="TIMESTAMP" />
    <result column="spare1" property="spare1" jdbcType="VARCHAR" />
    <result column="spare2" property="spare2" jdbcType="VARCHAR" />
    <result column="spare3" property="spare3" jdbcType="VARCHAR" />
  </resultMap>
  <sql id="Base_Column_List" >
    id, ticketNo, ticketName, ticketType, ticketFaceValue, password, saleStatus, saleType,
    inputPerson, inputTime, startPerson, saleMoney, startTime, recoveryPerson, recoveryTime,
    remove, createBy, updateBy, createTime, updateTime, spare1, spare2, spare3
  </sql>

  <select id="selectByPrimaryKey" resultMap="BaseResultMap" parameterType="java.lang.String" >
    select 
    <include refid="Base_Column_List" />
    from ticketmanage
    where id = #{id,jdbcType=VARCHAR}
  </select>

  <delete id="deleteByPrimaryKey" parameterType="java.lang.String" >
    delete from ticketmanage
    where id = #{id,jdbcType=VARCHAR}
  </delete>

  <insert id="insert" parameterType="com.owinfo.object.entity.TicketManage" >
    insert into ticketmanage (id, ticketNo, ticketName, 
      ticketType, ticketFaceValue, password, 
      saleStatus, saleType, inputPerson, 
      inputTime, startPerson, saleMoney, 
      startTime, recoveryPerson, recoveryTime, 
      remove, createBy, updateBy, 
      createTime, updateTime, spare1, 
      spare2, spare3)
    values (#{id,jdbcType=VARCHAR}, #{ticketNo,jdbcType=VARCHAR}, #{ticketName,jdbcType=VARCHAR}, 
      #{ticketType,jdbcType=VARCHAR}, #{ticketFaceValue,jdbcType=DOUBLE}, #{password,jdbcType=VARCHAR}, 
      #{saleStatus,jdbcType=VARCHAR}, #{saleType,jdbcType=VARCHAR}, #{inputPerson,jdbcType=VARCHAR}, 
      #{inputTime,jdbcType=TIMESTAMP}, #{startPerson,jdbcType=VARCHAR}, #{saleMoney,jdbcType=DECIMAL}, 
      #{startTime,jdbcType=TIMESTAMP}, #{recoveryPerson,jdbcType=VARCHAR}, #{recoveryTime,jdbcType=TIMESTAMP}, 
      #{remove,jdbcType=CHAR}, #{createBy,jdbcType=VARCHAR}, #{updateBy,jdbcType=VARCHAR}, 
      #{createTime,jdbcType=TIMESTAMP}, #{updateTime,jdbcType=TIMESTAMP}, #{spare1,jdbcType=VARCHAR}, 
      #{spare2,jdbcType=VARCHAR}, #{spare3,jdbcType=VARCHAR})
  </insert>

  <insert id="insertSelective" parameterType="java.util.List" >
    insert into ticketmanage (id, ticketNo, ticketName, ticketType, ticketFaceValue, password, saleStatus, saleType,
    inputPerson, inputTime, startPerson, saleMoney, startTime, recoveryPerson, recoveryTime,
    remove, createBy, updateBy, createTime, updateTime, spare1, spare2, spare3)
    values
    <foreach collection="list" item="item" index="index" separator=",">
      (
          #{item.id,jdbcType=VARCHAR},
          #{item.ticketNo,jdbcType=VARCHAR},
          #{item.ticketName,jdbcType=VARCHAR},
          #{item.ticketType,jdbcType=VARCHAR},
          #{item.ticketFaceValue,jdbcType=DOUBLE},
          #{item.password,jdbcType=VARCHAR},
          #{item.saleStatus,jdbcType=VARCHAR},
          #{item.saleType,jdbcType=VARCHAR},
          #{item.inputPerson,jdbcType=VARCHAR},
          #{item.inputTime,jdbcType=TIMESTAMP},
          #{item.startPerson,jdbcType=VARCHAR},
          #{item.saleMoney,jdbcType=DECIMAL},
          #{item.startTime,jdbcType=TIMESTAMP},
          #{item.recoveryPerson,jdbcType=VARCHAR},
          #{item.recoveryTime,jdbcType=TIMESTAMP},
          #{item.remove,jdbcType=CHAR},
          #{item.createBy,jdbcType=VARCHAR},
          #{item.updateBy,jdbcType=VARCHAR},
          #{item.createTime,jdbcType=TIMESTAMP},
          #{item.updateTime,jdbcType=TIMESTAMP},
          #{item.spare1,jdbcType=VARCHAR},
          #{item.spare2,jdbcType=VARCHAR},
          #{item.spare3,jdbcType=VARCHAR}
      )
    </foreach>
  </insert>

  <update id="updateByPrimaryKeySelective" parameterType="com.owinfo.object.entity.TicketManage" >
    update ticketmanage
    <set >
      <if test="ticketNo != null" >
        ticketNo = #{ticketNo,jdbcType=VARCHAR},
      </if>
      <if test="ticketName != null" >
        ticketName = #{ticketName,jdbcType=VARCHAR},
      </if>
      <if test="ticketType != null" >
        ticketType = #{ticketType,jdbcType=VARCHAR},
      </if>
      <if test="ticketFaceValue != null" >
        ticketFaceValue = #{ticketFaceValue,jdbcType=DOUBLE},
      </if>
      <if test="password != null" >
        password = #{password,jdbcType=VARCHAR},
      </if>
      <if test="saleStatus != null" >
        saleStatus = #{saleStatus,jdbcType=VARCHAR},
      </if>
      <if test="saleType != null" >
        saleType = #{saleType,jdbcType=VARCHAR},
      </if>
      <if test="inputPerson != null" >
        inputPerson = #{inputPerson,jdbcType=VARCHAR},
      </if>
      <if test="inputTime != null" >
        inputTime = #{inputTime,jdbcType=TIMESTAMP},
      </if>
      <if test="startPerson != null" >
        startPerson = #{startPerson,jdbcType=VARCHAR},
      </if>
      <if test="saleMoney != null" >
        saleMoney = #{saleMoney,jdbcType=DECIMAL},
      </if>
      <if test="startTime != null" >
        startTime = #{startTime,jdbcType=TIMESTAMP},
      </if>
      <if test="recoveryPerson != null" >
        recoveryPerson = #{recoveryPerson,jdbcType=VARCHAR},
      </if>
      <if test="recoveryTime != null" >
        recoveryTime = #{recoveryTime,jdbcType=TIMESTAMP},
      </if>
      <if test="remove != null" >
        remove = #{remove,jdbcType=CHAR},
      </if>
      <if test="createBy != null" >
        createBy = #{createBy,jdbcType=VARCHAR},
      </if>
      <if test="updateBy != null" >
        updateBy = #{updateBy,jdbcType=VARCHAR},
      </if>
      <if test="createTime != null" >
        createTime = #{createTime,jdbcType=TIMESTAMP},
      </if>
      <if test="updateTime != null" >
        updateTime = #{updateTime,jdbcType=TIMESTAMP},
      </if>
      <if test="spare1 != null" >
        spare1 = #{spare1,jdbcType=VARCHAR},
      </if>
      <if test="spare2 != null" >
        spare2 = #{spare2,jdbcType=VARCHAR},
      </if>
      <if test="spare3 != null" >
        spare3 = #{spare3,jdbcType=VARCHAR},
      </if>
    </set>
    where id = #{id,jdbcType=VARCHAR}
  </update>

  <update id="changeTicketStatus" parameterType="java.util.Map">
    UPDATE ticketmanage
    <set>
      <if test="saleType != null and saleType != ''">
        saleType = #{saleType},
      </if>
      <if test="saleStatus != null and saleStatus != ''">
        saleStatus = #{saleStatus},
      </if>
      <if test="startPerson != null and startPerson != ''">
        startPerson = #{startPerson},
      </if>
      <if test="saleMoney != null and saleMoney != ''">
        saleMoney = #{saleMoney},
      </if>
      <if test="startTime != null and startTime != ''">
        startTime = #{startTime},
      </if>
      <if test="recoveryPerson != null and recoveryPerson != ''">
        recoveryPerson = #{recoveryPerson},
      </if>
      <if test="recoveryTime != null and recoveryTime != ''">
        recoveryTime = #{recoveryTime},
      </if>
      <if test="updateBy != null and updateBy != ''">
        updateBy = #{updateBy},
      </if>
      <if test="updateTime != null and updateTime != ''">
        updateTime = #{updateTime},
      </if>
    </set>
    WHERE ticketNo = #{ticketNo}
  </update>

  <select id="selectTicketList" parameterType="java.util.Map" resultMap="BaseResultMap">
    SELECT
    <include refid="Base_Column_List"></include>
    FROM ticketmanage
    <where>
      <trim prefixOverrides="and|or">
        <if test="recoveryStart != null and recoveryStart != '' and recoveryEnd != null and recoveryEnd != ''">
          AND recoveryTime &gt;= #{recoveryStart} AND recoveryTime &lt; DATE_ADD(#{recoveryEnd},INTERVAL 1 DAY)
        </if>
        <if test="inputStart != null and inputStart != '' and inputEnd != null and inputEnd != ''">
          AND inputTime &gt;= #{inputStart} AND inputTime &lt;  DATE_ADD(#{inputEnd},INTERVAL 1 DAY)
        </if>
        <if test="enableStart != null and enableStart != '' and enableEnd != null and enableEnd != ''">
          AND startTime &gt;= #{enableStart} AND startTime &lt; DATE_ADD(#{enableEnd},INTERVAL 1 DAY)
        </if>
        <if test="ticketType != null and ticketType != ''">
          AND ticketType = #{ticketType}
        </if>
        <if test="saleStatus != null and saleStatus != ''">
          AND saleStatus = #{saleStatus}
        </if>
        <if test="ticketNo != null and ticketNo != ''">
          AND ticketNo LIKE CONCAT('%', '${ticketNo}', '%')
        </if>
        <if test="1 == 1">
          AND remove = '0'
        </if>
      </trim>
    </where>
    order by inputTime desc
  </select>

  <select id="validateTicket" parameterType="java.util.Map" resultType="com.owinfo.object.entity.TicketManage">
    SELECT
      <include refid="Base_Column_List"></include>
    FROM
      ticketmanage
    WHERE
      <trim prefixOverrides="and|or">
        <if test="ticketNo != null and ticketNo != ''">
           ticketNo = #{ticketNo}
        </if>
        <if test="password != null and password != ''">
          and password = #{password}
        </if>
      </trim>
    <!-- and saleStatus = '1'  -->
          and remove = '0'
  </select>

  <select id="getTicket" parameterType="java.util.Map" resultType="com.owinfo.object.entity.TicketManage">
    SELECT
    <include refid="Base_Column_List"></include>
    FROM
    ticketmanage
    WHERE
    <trim prefixOverrides="and|or">
      <if test="ticketNo != null and ticketNo != ''">
        ticketNo = #{ticketNo}
      </if>
    </trim>
    and remove = '0'
  </select>

  <!-- 已导入过的卡券,不允许再次导入 -->
  <select id="validateExitTicket" parameterType="java.lang.String"
          resultType="com.owinfo.object.entity.TicketManage">
    SELECT  *
    FROM ticketmanage
    WHERE
      ticketNo = #{ticketNo} and remove = '0'
  </select>

  <!-- 回收卡券时使用 -->
  <select id="validateExitTickets" parameterType="java.lang.String"
          resultType="com.owinfo.object.entity.TicketManage">
    SELECT
    <include refid="Base_Column_List"></include>
    FROM ticketmanage
    WHERE
     ticketNo = #{ticketNo} and saleStatus = '1' and remove = '0'
  </select>

  <update id="updateByPrimaryKey" parameterType="com.owinfo.object.entity.TicketManage" >
    update ticketmanage
    set ticketNo = #{ticketNo,jdbcType=VARCHAR},
      ticketName = #{ticketName,jdbcType=VARCHAR},
      ticketType = #{ticketType,jdbcType=VARCHAR},
      ticketFaceValue = #{ticketFaceValue,jdbcType=DOUBLE},
      password = #{password,jdbcType=VARCHAR},
      saleStatus = #{saleStatus,jdbcType=VARCHAR},
      saleType = #{saleType,jdbcType=VARCHAR},
      inputPerson = #{inputPerson,jdbcType=VARCHAR},
      inputTime = #{inputTime,jdbcType=TIMESTAMP},
      startPerson = #{startPerson,jdbcType=VARCHAR},
      saleMoney = #{saleMoney,jdbcType=DECIMAL},
      startTime = #{startTime,jdbcType=TIMESTAMP},
      recoveryPerson = #{recoveryPerson,jdbcType=VARCHAR},
      recoveryTime = #{recoveryTime,jdbcType=TIMESTAMP},
      remove = #{remove,jdbcType=CHAR},
      createBy = #{createBy,jdbcType=VARCHAR},
      updateBy = #{updateBy,jdbcType=VARCHAR},
      createTime = #{createTime,jdbcType=TIMESTAMP},
      updateTime = #{updateTime,jdbcType=TIMESTAMP},
      spare1 = #{spare1,jdbcType=VARCHAR},
      spare2 = #{spare2,jdbcType=VARCHAR},
      spare3 = #{spare3,jdbcType=VARCHAR}
    where id = #{id,jdbcType=VARCHAR}
  </update>

  <update id="recoveryTicket">
    UPDATE ticketmanage
    <trim prefix="set" suffixOverrides=",">
        <if test="recoveryPerson != null and recoveryPerson != ''">
            recoveryPerson = #{recoveryPerson},
        </if>
        <if test="recoveryTime != null and recoveryTime != ''">
            recoveryTime = #{recoveryTime},
        </if>
        <if test="updateTime != null and updateTime != ''">
            updateTime = #{updateTime},
        </if>
        <if test="updateBy != null and updateBy != ''">
          updateBy = #{updateBy},
        </if>
        <if test="saleStatus != null and saleStatus != ''">
          saleStatus = #{saleStatus},
        </if>
    </trim>
    WHERE ticketNo = #{ticketNo} and password = #{password}
  </update>

</mapper>