<?xml version="1.0" encoding="UTF-8"?>
<!DOCTYPE mapper PUBLIC "-//mybatis.org//DTD Mapper 3.0//EN" "http://mybatis.org/dtd/mybatis-3-mapper.dtd">
<mapper namespace="com.owinfo.service.core.mapper.TransferAccountsManageMapper">
  <resultMap id="BaseResultMap" type="com.owinfo.object.entity.TransferAccountsManage">
    <id column="id" jdbcType="VARCHAR" property="id" />
    <result column="random" jdbcType="VARCHAR" property="random" />
    <result column="customerName" jdbcType="VARCHAR" property="customerName" />
    <result column="transferAmount" jdbcType="INTEGER" property="transferAmount" />
    <result column="transferUse" jdbcType="VARCHAR" property="transferUse" />
    <result column="rechargeAmount" jdbcType="INTEGER" property="rechargeAmount" />
    <result column="sufRechargeAmount" jdbcType="INTEGER" property="sufRechargeAmount" />
    <result column="oilAmount" jdbcType="INTEGER" property="oilAmount" />
    <result column="sufOilAmount" jdbcType="INTEGER" property="sufOilAmount" />
    <result column="obuName" jdbcType="VARCHAR" property="obuName" />
    <result column="obuPrice" jdbcType="INTEGER" property="obuPrice" />
    <result column="obuNum" jdbcType="INTEGER" property="obuNum" />
    <result column="sufObuNum" jdbcType="INTEGER" property="sufObuNum" />
    <result column="treasureName" jdbcType="VARCHAR" property="treasureName" />
    <result column="treasurePrice" jdbcType="INTEGER" property="treasurePrice" />
    <result column="treasureNum" jdbcType="INTEGER" property="treasureNum" />
    <result column="sufTreasureNum" jdbcType="INTEGER" property="sufTreasureNum" />
    <result column="consumeStatus" jdbcType="INTEGER" property="consumeStatus" />
    <result column="inputPerson" jdbcType="VARCHAR" property="inputPerson" />
    <result column="inputTime" jdbcType="TIMESTAMP" property="inputTime" />
    <result column="transferTime" jdbcType="TIMESTAMP" property="transferTime" />
    <result column="remove" jdbcType="INTEGER" property="remove" />
    <result column="updateBy" jdbcType="VARCHAR" property="updateBy" />
    <result column="updateTime" jdbcType="TIMESTAMP" property="updateTime" />
    <result column="spare1" jdbcType="VARCHAR" property="spare1" />
    <result column="spare2" jdbcType="VARCHAR" property="spare2" />
    <result column="spare3" jdbcType="VARCHAR" property="spare3" />
  </resultMap>
  <sql id="Base_Column_List">
    id, random, customerName, transferAmount, transferUse, rechargeAmount, sufRechargeAmount, 
    oilAmount, sufOilAmount, obuName, obuPrice, obuNum, sufObuNum, treasureName, treasurePrice, 
    treasureNum, sufTreasureNum, consumeStatus, inputPerson, inputTime, transferTime, 
    remove, updateBy, updateTime, spare1, spare2, spare3
  </sql>

  <select id="getTransferList" parameterType="java.util.Map" resultMap="BaseResultMap">
    select
    <include refid="Base_Column_List" />
    from transferaccountsmanage
    <where>
      1 = 1
      <if test="inputStart != null and inputStart != '' and inputEnd != null and inputEnd != ''">
        AND inputTime BETWEEN #{inputStart} and #{inputEnd}
      </if>
      <if test="transferUse != null and transferUse != ''">AND transferUse = #{transferUse}</if>
      <if test="consumeStatus != null and consumeStatus != ''">AND consumeStatus = #{consumeStatus}</if>
      <if test="customerName != null and customerName != ''">AND customerName like "%"#{customerName}"%"</if>
      <if test="id != null and id != ''">AND id = #{id}</if>
      <if test="random != null and random != ''">AND random = #{random}</if>
      AND remove = 0 order by inputTime desc
    </where>
  </select>

  <!-- haveRandom 判断验证码是否存在-->
  <select id="haveRandom" parameterType="string" resultMap="BaseResultMap">
    select
    <include refid="Base_Column_List" />
    from transferaccountsmanage
    where random = #{random} and remove = 0
  </select>

  <select id="selectByPrimaryKey" parameterType="java.lang.String" resultMap="BaseResultMap">
    select 
    <include refid="Base_Column_List" />
    from transferaccountsmanage
    where id = #{id,jdbcType=VARCHAR} and remove = 0
  </select>
  <delete id="deleteByPrimaryKey" parameterType="java.lang.String">
    delete from transferaccountsmanage
    where id = #{id,jdbcType=VARCHAR}
  </delete>
  <insert id="insert" parameterType="com.owinfo.object.entity.TransferAccountsManage">
    insert into transferaccountsmanage (id, random, customerName, 
      transferAmount, transferUse, rechargeAmount, 
      sufRechargeAmount, oilAmount, sufOilAmount, 
      obuName, obuPrice, obuNum, 
      sufObuNum, treasureName, treasurePrice, 
      treasureNum, sufTreasureNum, consumeStatus, 
      inputPerson, inputTime, transferTime, 
      remove, updateBy, updateTime, 
      spare1, spare2, spare3
      )
    values (#{id,jdbcType=VARCHAR}, #{random,jdbcType=VARCHAR}, #{customerName,jdbcType=VARCHAR}, 
      #{transferAmount,jdbcType=INTEGER}, #{transferUse,jdbcType=VARCHAR}, #{rechargeAmount,jdbcType=INTEGER}, 
      #{sufRechargeAmount,jdbcType=INTEGER}, #{oilAmount,jdbcType=INTEGER}, #{sufOilAmount,jdbcType=INTEGER}, 
      #{obuName,jdbcType=VARCHAR}, #{obuPrice,jdbcType=INTEGER}, #{obuNum,jdbcType=INTEGER}, 
      #{sufObuNum,jdbcType=INTEGER}, #{treasureName,jdbcType=VARCHAR}, #{treasurePrice,jdbcType=INTEGER}, 
      #{treasureNum,jdbcType=INTEGER}, #{sufTreasureNum,jdbcType=INTEGER}, #{consumeStatus,jdbcType=INTEGER}, 
      #{inputPerson,jdbcType=VARCHAR}, #{inputTime,jdbcType=TIMESTAMP}, #{transferTime,jdbcType=TIMESTAMP}, 
      #{remove,jdbcType=INTEGER}, #{updateBy,jdbcType=VARCHAR}, #{updateTime,jdbcType=TIMESTAMP}, 
      #{spare1,jdbcType=VARCHAR}, #{spare2,jdbcType=VARCHAR}, #{spare3,jdbcType=VARCHAR}
      )
  </insert>
  <insert id="insertSelective" parameterType="com.owinfo.object.entity.TransferAccountsManage">
    insert into transferaccountsmanage
    <trim prefix="(" suffix=")" suffixOverrides=",">
      <if test="id != null">
        id,
      </if>
      <if test="random != null">
        random,
      </if>
      <if test="customerName != null">
        customerName,
      </if>
      <if test="transferAmount != null">
        transferAmount,
      </if>
      <if test="transferUse != null">
        transferUse,
      </if>
      <if test="rechargeAmount != null">
        rechargeAmount,
      </if>
      <if test="sufRechargeAmount != null">
        sufRechargeAmount,
      </if>
      <if test="oilAmount != null">
        oilAmount,
      </if>
      <if test="sufOilAmount != null">
        sufOilAmount,
      </if>
      <if test="obuName != null">
        obuName,
      </if>
      <if test="obuPrice != null">
        obuPrice,
      </if>
      <if test="obuNum != null">
        obuNum,
      </if>
      <if test="sufObuNum != null">
        sufObuNum,
      </if>
      <if test="treasureName != null">
        treasureName,
      </if>
      <if test="treasurePrice != null">
        treasurePrice,
      </if>
      <if test="treasureNum != null">
        treasureNum,
      </if>
      <if test="sufTreasureNum != null">
        sufTreasureNum,
      </if>
      <if test="consumeStatus != null">
        consumeStatus,
      </if>
      <if test="inputPerson != null">
        inputPerson,
      </if>
      <if test="inputTime != null">
        inputTime,
      </if>
      <if test="transferTime != null">
        transferTime,
      </if>
      <if test="remove != null">
        remove,
      </if>
      <if test="updateBy != null">
        updateBy,
      </if>
      <if test="updateTime != null">
        updateTime,
      </if>
      <if test="spare1 != null">
        spare1,
      </if>
      <if test="spare2 != null">
        spare2,
      </if>
      <if test="spare3 != null">
        spare3,
      </if>
    </trim>
    <trim prefix="values (" suffix=")" suffixOverrides=",">
      <if test="id != null">
        #{id,jdbcType=VARCHAR},
      </if>
      <if test="random != null">
        #{random,jdbcType=VARCHAR},
      </if>
      <if test="customerName != null">
        #{customerName,jdbcType=VARCHAR},
      </if>
      <if test="transferAmount != null">
        #{transferAmount,jdbcType=INTEGER},
      </if>
      <if test="transferUse != null">
        #{transferUse,jdbcType=VARCHAR},
      </if>
      <if test="rechargeAmount != null">
        #{rechargeAmount,jdbcType=INTEGER},
      </if>
      <if test="sufRechargeAmount != null">
        #{sufRechargeAmount,jdbcType=INTEGER},
      </if>
      <if test="oilAmount != null">
        #{oilAmount,jdbcType=INTEGER},
      </if>
      <if test="sufOilAmount != null">
        #{sufOilAmount,jdbcType=INTEGER},
      </if>
      <if test="obuName != null">
        #{obuName,jdbcType=VARCHAR},
      </if>
      <if test="obuPrice != null">
        #{obuPrice,jdbcType=INTEGER},
      </if>
      <if test="obuNum != null">
        #{obuNum,jdbcType=INTEGER},
      </if>
      <if test="sufObuNum != null">
        #{sufObuNum,jdbcType=INTEGER},
      </if>
      <if test="treasureName != null">
        #{treasureName,jdbcType=VARCHAR},
      </if>
      <if test="treasurePrice != null">
        #{treasurePrice,jdbcType=INTEGER},
      </if>
      <if test="treasureNum != null">
        #{treasureNum,jdbcType=INTEGER},
      </if>
      <if test="sufTreasureNum != null">
        #{sufTreasureNum,jdbcType=INTEGER},
      </if>
      <if test="consumeStatus != null">
        #{consumeStatus,jdbcType=INTEGER},
      </if>
      <if test="inputPerson != null">
        #{inputPerson,jdbcType=VARCHAR},
      </if>
      <if test="inputTime != null">
        #{inputTime,jdbcType=TIMESTAMP},
      </if>
      <if test="transferTime != null">
        #{transferTime,jdbcType=TIMESTAMP},
      </if>
      <if test="remove != null">
        #{remove,jdbcType=INTEGER},
      </if>
      <if test="updateBy != null">
        #{updateBy,jdbcType=VARCHAR},
      </if>
      <if test="updateTime != null">
        #{updateTime,jdbcType=TIMESTAMP},
      </if>
      <if test="spare1 != null">
        #{spare1,jdbcType=VARCHAR},
      </if>
      <if test="spare2 != null">
        #{spare2,jdbcType=VARCHAR},
      </if>
      <if test="spare3 != null">
        #{spare3,jdbcType=VARCHAR},
      </if>
    </trim>
  </insert>
  <update id="updateByPrimaryKeySelective" parameterType="com.owinfo.object.entity.TransferAccountsManage">
    update transferaccountsmanage
    <set>
      <if test="random != null">
        random = #{random,jdbcType=VARCHAR},
      </if>
      <if test="customerName != null">
        customerName = #{customerName,jdbcType=VARCHAR},
      </if>
      <if test="transferAmount != null">
        transferAmount = #{transferAmount,jdbcType=INTEGER},
      </if>
      <if test="transferUse != null">
        transferUse = #{transferUse,jdbcType=VARCHAR},
      </if>
      <if test="rechargeAmount != null">
        rechargeAmount = #{rechargeAmount,jdbcType=INTEGER},
      </if>
      <if test="sufRechargeAmount != null">
        sufRechargeAmount = #{sufRechargeAmount,jdbcType=INTEGER},
      </if>
      <if test="oilAmount != null">
        oilAmount = #{oilAmount,jdbcType=INTEGER},
      </if>
      <if test="sufOilAmount != null">
        sufOilAmount = #{sufOilAmount,jdbcType=INTEGER},
      </if>
      <if test="obuName != null">
        obuName = #{obuName,jdbcType=VARCHAR},
      </if>
      <if test="obuPrice != null">
        obuPrice = #{obuPrice,jdbcType=INTEGER},
      </if>
      <if test="obuNum != null">
        obuNum = #{obuNum,jdbcType=INTEGER},
      </if>
      <if test="sufObuNum != null">
        sufObuNum = #{sufObuNum,jdbcType=INTEGER},
      </if>
      <if test="treasureName != null">
        treasureName = #{treasureName,jdbcType=VARCHAR},
      </if>
      <if test="treasurePrice != null">
        treasurePrice = #{treasurePrice,jdbcType=INTEGER},
      </if>
      <if test="treasureNum != null">
        treasureNum = #{treasureNum,jdbcType=INTEGER},
      </if>
      <if test="sufTreasureNum != null">
        sufTreasureNum = #{sufTreasureNum,jdbcType=INTEGER},
      </if>
      <if test="consumeStatus != null">
        consumeStatus = #{consumeStatus,jdbcType=INTEGER},
      </if>
      <if test="inputPerson != null">
        inputPerson = #{inputPerson,jdbcType=VARCHAR},
      </if>
      <if test="inputTime != null">
        inputTime = #{inputTime,jdbcType=TIMESTAMP},
      </if>
      <if test="transferTime != null">
        transferTime = #{transferTime,jdbcType=TIMESTAMP},
      </if>
      <if test="remove != null">
        remove = #{remove,jdbcType=INTEGER},
      </if>
      <if test="updateBy != null">
        updateBy = #{updateBy,jdbcType=VARCHAR},
      </if>
      <if test="updateTime != null">
        updateTime = #{updateTime,jdbcType=TIMESTAMP},
      </if>
      <if test="spare1 != null">
        spare1 = #{spare1,jdbcType=VARCHAR},
      </if>
      <if test="spare2 != null">
        spare2 = #{spare2,jdbcType=VARCHAR},
      </if>
      <if test="spare3 != null">
        spare3 = #{spare3,jdbcType=VARCHAR},
      </if>
    </set>
    where id = #{id,jdbcType=VARCHAR}
  </update>
  <update id="updateByPrimaryKey" parameterType="com.owinfo.object.entity.TransferAccountsManage">
    update transferaccountsmanage
    set random = #{random,jdbcType=VARCHAR},
      customerName = #{customerName,jdbcType=VARCHAR},
      transferAmount = #{transferAmount,jdbcType=INTEGER},
      transferUse = #{transferUse,jdbcType=VARCHAR},
      rechargeAmount = #{rechargeAmount,jdbcType=INTEGER},
      sufRechargeAmount = #{sufRechargeAmount,jdbcType=INTEGER},
      oilAmount = #{oilAmount,jdbcType=INTEGER},
      sufOilAmount = #{sufOilAmount,jdbcType=INTEGER},
      obuName = #{obuName,jdbcType=VARCHAR},
      obuPrice = #{obuPrice,jdbcType=INTEGER},
      obuNum = #{obuNum,jdbcType=INTEGER},
      sufObuNum = #{sufObuNum,jdbcType=INTEGER},
      treasureName = #{treasureName,jdbcType=VARCHAR},
      treasurePrice = #{treasurePrice,jdbcType=INTEGER},
      treasureNum = #{treasureNum,jdbcType=INTEGER},
      sufTreasureNum = #{sufTreasureNum,jdbcType=INTEGER},
      consumeStatus = #{consumeStatus,jdbcType=INTEGER},
      inputPerson = #{inputPerson,jdbcType=VARCHAR},
      inputTime = #{inputTime,jdbcType=TIMESTAMP},
      transferTime = #{transferTime,jdbcType=TIMESTAMP},
      remove = #{remove,jdbcType=INTEGER},
      updateBy = #{updateBy,jdbcType=VARCHAR},
      updateTime = #{updateTime,jdbcType=TIMESTAMP},
      spare1 = #{spare1,jdbcType=VARCHAR},
      spare2 = #{spare2,jdbcType=VARCHAR},
      spare3 = #{spare3,jdbcType=VARCHAR}
    where id = #{id,jdbcType=VARCHAR}
  </update>
</mapper>